Project Name,Package Name,Type Name,Method Name,Code Smell
argouml,uci.argo.kernel,Designer,disruptiveThreshold,Magic Number
argouml,uci.argo.kernel,History,fireHistoryAdded,Magic Number
argouml,uci.argo.kernel,History,fireHistoryAdded,Magic Number
argouml,uci.argo.kernel,HushOrder,HushOrder,Magic Number
argouml,uci.argo.kernel,HushOrder,HushOrder,Magic Number
argouml,uci.argo.kernel,HushOrder,unhush,Magic Number
argouml,uci.argo.kernel,HushOrder,nextInterval,Magic Number
argouml,uci.argo.kernel,ToDoItem,ToDoItem,Long Parameter List
argouml,uci.argo.kernel,ToDoList,run,Magic Number
argouml,uci.argo.kernel,ToDoList,notifyObservers,Magic Number
argouml,uci.argo.kernel,ToDoList,fireToDoListChanged,Magic Number
argouml,uci.argo.kernel,ToDoList,fireToDoListChanged,Magic Number
argouml,uci.argo.kernel,ToDoList,fireToDoItemAdded,Magic Number
argouml,uci.argo.kernel,ToDoList,fireToDoItemAdded,Magic Number
argouml,uci.argo.kernel,ToDoList,fireToDoItemRemoved,Magic Number
argouml,uci.argo.kernel,ToDoList,fireToDoItemRemoved,Magic Number
argouml,uci.beans.editors,ColorEditor,ColorEditor,Magic Number
argouml,uci.beans.editors,ColorEditor,ColorEditor,Magic Number
argouml,uci.beans.editors,ColorEditor,paintValue,Magic Number
argouml,uci.beans.editors,ColorEditor,paintValue,Magic Number
argouml,uci.beans.editors,ColorPickerGrid,ColorPickerGrid,Magic Number
argouml,uci.beans.editors,ColorPickerGrid,ColorPickerGrid,Magic Number
argouml,uci.beans.editors,ColorPickerGrid,updateStatusLabel,Magic Number
argouml,uci.beans.editors,ColorPickerGrid,updateStatusLabel,Magic Number
argouml,uci.beans.editors,ColorPickerGrid,updateStatusLabel,Magic Number
argouml,uci.beans.editors,ColorTilePanel,showSelection,Long Statement
argouml,uci.beans.editors,ColorTilePanel,showSelection,Magic Number
argouml,uci.beans.editors,ColorTilePanel,showSelection,Magic Number
argouml,uci.beans.editors,ColorTilePanel,showSelection,Magic Number
argouml,uci.beans.editors,ColorTilePanel,showSelection,Magic Number
argouml,uci.beans.editors,ColorTilePanel,showSelection,Magic Number
argouml,uci.beans.editors,ColorTilePanel,showSelection,Magic Number
argouml,uci.beans.editors,ColorTilePanel,minimumSize,Magic Number
argouml,uci.beans.editors,ColorTilePanel,netscapeColors,Magic Number
argouml,uci.beans.editors,ColorTilePanel,netscapeColors,Magic Number
argouml,uci.beans.editors,ColorTilePanel,netscapeColors,Magic Number
argouml,uci.beans.editors,ColorTilePanel,netscapeColors,Magic Number
argouml,uci.beans.editors,ColorTilePanel,netscapeColors,Magic Number
argouml,uci.beans.editors,ColorTilePanel,netscapeColors,Magic Number
argouml,uci.beans.editors,ColorTilePanel,netscapeColors,Magic Number
argouml,uci.beans.editors,ColorTilePanel,netscapeColors,Magic Number
argouml,uci.beans.editors,ColorTilePanel,netscapeColors,Magic Number
argouml,uci.beans.editors,ColorTilePanel,netscapeColors,Magic Number
argouml,uci.beans.editors,ColorTilePanel,netscapeColors,Magic Number
argouml,uci.beans.editors,ColorTilePanel,netscapeColors,Magic Number
argouml,uci.beans.editors,ColorTilePanel,netscapeColors,Magic Number
argouml,uci.beans.editors,ColorTilePanel,netscapeColors,Magic Number
argouml,uci.beans.editors,ColorTilePanel,netscapeColors,Magic Number
argouml,uci.beans.editors,ColorTilePanel,netscapeColors,Magic Number
argouml,uci.beans.editors,RectangleEditor,RectangleEditor,Magic Number
argouml,uci.beans.editors,RectangleEditor,RectangleEditor,Magic Number
argouml,uci.beans.editors,RectangleEditor,RectangleEditor,Magic Number
argouml,uci.beans.editors,RectangleEditor,RectangleEditor,Magic Number
argouml,uci.beans.editors,RectangleEditor,RectangleEditor,Magic Number
argouml,uci.beans.editors,RectangleEditor,RectangleEditor,Magic Number
argouml,uci.beans.editors,RectangleEditor,RectangleEditor,Magic Number
argouml,uci.beans.editors,RectangleEditor,paintValue,Magic Number
argouml,uci.beans.editors,RectangleEditor,paintValue,Magic Number
argouml,uci.gef,CmdAlign,wordFor,Complex Method
argouml,uci.gef,CmdInsertPoint,doIt,Magic Number
argouml,uci.gef,CmdInsertPoint,doIt,Magic Number
argouml,uci.gef,CmdInsertPoint,doIt,Magic Number
argouml,uci.gef,CmdInsertPoint,doIt,Magic Number
argouml,uci.gef,CmdScroll,CmdScroll,Magic Number
argouml,uci.gef,CmdSetMode,CmdSetMode,Long Parameter List
argouml,uci.gef,Editor,gridSize,Magic Number
argouml,uci.gef,Editor,hit,Magic Number
argouml,uci.gef,Editor,hit,Magic Number
argouml,uci.gef,Editor,hit,Magic Number
argouml,uci.gef,Editor,hit,Magic Number
argouml,uci.gef,Editor,setUnderMouse,Complex Method
argouml,uci.gef,Editor,clone,Empty catch clause
argouml,uci.gef,Editor,clone,Empty catch clause
argouml,uci.gef,Editor,createImage,Empty catch clause
argouml,uci.gef,Fig,Fig,Long Parameter List
argouml,uci.gef,Fig,Fig,Long Parameter List
argouml,uci.gef,Fig,paint,Magic Number
argouml,uci.gef,Fig,paint,Magic Number
argouml,uci.gef,Fig,routingRect,Magic Number
argouml,uci.gef,Fig,routingRect,Magic Number
argouml,uci.gef,Fig,align,Complex Method
argouml,uci.gef,Fig,align,Magic Number
argouml,uci.gef,Fig,align,Magic Number
argouml,uci.gef,Fig,align,Magic Number
argouml,uci.gef,Fig,align,Magic Number
argouml,uci.gef,Fig,align,Magic Number
argouml,uci.gef,Fig,align,Magic Number
argouml,uci.gef,Fig,align,Magic Number
argouml,uci.gef,Fig,align,Magic Number
argouml,uci.gef,Fig,contains,Magic Number
argouml,uci.gef,Fig,hit,Magic Number
argouml,uci.gef,Fig,center,Magic Number
argouml,uci.gef,Fig,center,Magic Number
argouml,uci.gef,Fig,createDrag,Long Parameter List
argouml,uci.gef,FigCircle,FigCircle,Long Parameter List
argouml,uci.gef,FigCircle,FigCircle,Long Parameter List
argouml,uci.gef,FigCircle,contains,Magic Number
argouml,uci.gef,FigCircle,contains,Magic Number
argouml,uci.gef,FigCircle,contains,Magic Number
argouml,uci.gef,FigCircle,contains,Magic Number
argouml,uci.gef,FigEdge,FigEdge,Abstract Function Call From Constructor
argouml,uci.gef,FigEdge,FigEdge,Long Parameter List
argouml,uci.gef,FigEdge,FigEdge,Abstract Function Call From Constructor
argouml,uci.gef,FigEdge,drawArrowHead,Magic Number
argouml,uci.gef,FigEdge,drawArrowHead,Magic Number
argouml,uci.gef,FigEdgeRectiline,computeRoute,Magic Number
argouml,uci.gef,FigEdgeRectiline,layoutEdge,Magic Number
argouml,uci.gef,FigEdgeRectiline,layoutEdge,Magic Number
argouml,uci.gef,FigEdgeRectiline,routingRectPoint,Magic Number
argouml,uci.gef,FigEdgeRectiline,routingRectPoint,Magic Number
argouml,uci.gef,FigEdgeRectiline,routingRectPoint,Missing default
argouml,uci.gef,FigEdgeRectiline,tryRoute,Complex Conditional
argouml,uci.gef,FigEdgeRectiline,tryRoute,Complex Conditional
argouml,uci.gef,FigEdgeRectiline,tryRoute,Complex Conditional
argouml,uci.gef,FigEdgeRectiline,tryRoute,Long Parameter List
argouml,uci.gef,FigEdgeRectiline,tryRoute,Magic Number
argouml,uci.gef,FigEdgeRectiline,tryRoute,Magic Number
argouml,uci.gef,FigEdgeRectiline,tryRoute,Magic Number
argouml,uci.gef,FigEdgeRectiline,tryRoute,Magic Number
argouml,uci.gef,FigEdgeRectiline,tryRoute,Magic Number
argouml,uci.gef,FigEdgeRectiline,findAvoidPt,Long Parameter List
argouml,uci.gef,FigEdgeRectiline,segOK,Complex Conditional
argouml,uci.gef,FigEdgeRectiline,segOK,Complex Conditional
argouml,uci.gef,FigEdgeRectiline,segOK,Complex Conditional
argouml,uci.gef,FigEdgeRectiline,segOK,Complex Conditional
argouml,uci.gef,FigEdgeRectiline,segOK,Complex Method
argouml,uci.gef,FigEdgeRectiline,segOK,Long Parameter List
argouml,uci.gef,FigEdgeRectiline,segOK,Long Statement
argouml,uci.gef,FigEdgeRectiline,segOK,Long Statement
argouml,uci.gef,FigEdgeRectiline,segOK,Long Statement
argouml,uci.gef,FigEdgeRectiline,segOK,Long Statement
argouml,uci.gef,FigImage,FigImage,Long Parameter List
argouml,uci.gef,FigImage,FigImage,Long Parameter List
argouml,uci.gef,FigImage,imageUpdate,Long Parameter List
argouml,uci.gef,FigImage,createDrag,Long Parameter List
argouml,uci.gef,FigLine,FigLine,Long Parameter List
argouml,uci.gef,FigLine,FigLine,Long Parameter List
argouml,uci.gef,FigLine,setPoints,Magic Number
argouml,uci.gef,FigLine,getPoints,Magic Number
argouml,uci.gef,FigLine,getNumPoints,Magic Number
argouml,uci.gef,FigLine,getXs,Magic Number
argouml,uci.gef,FigLine,getYs,Magic Number
argouml,uci.gef,FigLine,createDrag,Long Parameter List
argouml,uci.gef,FigNode,getPortSector,Magic Number
argouml,uci.gef,FigNode,getPortSector,Magic Number
argouml,uci.gef,FigNode,getPortSector,Magic Number
argouml,uci.gef,FigNode,getPortSector,Magic Number
argouml,uci.gef,FigNode,getPortSector,Magic Number
argouml,uci.gef,FigNode,getPortSector,Magic Number
argouml,uci.gef,FigNode,getPortSector,Magic Number
argouml,uci.gef,FigNode,paint,Magic Number
argouml,uci.gef,FigNode,paint,Magic Number
argouml,uci.gef,FigNode,paint,Magic Number
argouml,uci.gef,FigNode,paint,Magic Number
argouml,uci.gef,FigNode,paint,Magic Number
argouml,uci.gef,FigNode,paint,Magic Number
argouml,uci.gef,FigNode,paint,Magic Number
argouml,uci.gef,FigNode,paint,Magic Number
argouml,uci.gef,FigPoly,setEndPoints,Magic Number
argouml,uci.gef,FigPoly,moveVertex,Complex Method
argouml,uci.gef,FigPoly,moveVertex,Magic Number
argouml,uci.gef,FigPoly,moveVertex,Magic Number
argouml,uci.gef,FigPoly,moveVertex,Magic Number
argouml,uci.gef,FigPoly,prependTwoPoints,Magic Number
argouml,uci.gef,FigPoly,prependTwoPoints,Magic Number
argouml,uci.gef,FigPoly,prependTwoPoints,Magic Number
argouml,uci.gef,FigPoly,prependTwoPoints,Magic Number
argouml,uci.gef,FigPoly,prependTwoPoints,Magic Number
argouml,uci.gef,FigPoly,prependTwoPoints,Magic Number
argouml,uci.gef,FigPoly,prependTwoPoints,Magic Number
argouml,uci.gef,FigPoly,appendTwoPoints,Magic Number
argouml,uci.gef,FigPoly,appendTwoPoints,Magic Number
argouml,uci.gef,FigPoly,appendTwoPoints,Magic Number
argouml,uci.gef,FigPoly,removePoint,Complex Conditional
argouml,uci.gef,FigPoly,removePoint,Magic Number
argouml,uci.gef,FigPoly,removePoint,Magic Number
argouml,uci.gef,FigPoly,insertPoint,Magic Number
argouml,uci.gef,FigPoly,insertPoint,Magic Number
argouml,uci.gef,FigPoly,growIfNeeded,Magic Number
argouml,uci.gef,FigPoly,growIfNeeded,Magic Number
argouml,uci.gef,FigPoly,findHandle,Complex Conditional
argouml,uci.gef,FigPoly,findHandle,Long Statement
argouml,uci.gef,FigPoly,findHandle,Magic Number
argouml,uci.gef,FigPoly,findHandle,Magic Number
argouml,uci.gef,FigPoly,findHandle,Magic Number
argouml,uci.gef,FigPoly,findHandle,Magic Number
argouml,uci.gef,FigRect,FigRect,Long Parameter List
argouml,uci.gef,FigRect,FigRect,Long Parameter List
argouml,uci.gef,FigRRect,FigRRect,Long Parameter List
argouml,uci.gef,FigRRect,FigRRect,Long Parameter List
argouml,uci.gef,FigText,FigText,Long Parameter List
argouml,uci.gef,FigText,FigText,Long Parameter List
argouml,uci.gef,FigText,FigText,Magic Number
argouml,uci.gef,FigText,OK,Long Statement
argouml,uci.gef,FigText,OK,Magic Number
argouml,uci.gef,FigText,paint,Complex Method
argouml,uci.gef,FigText,paint,Magic Number
argouml,uci.gef,FigText,paint,Magic Number
argouml,uci.gef,FigText,calcBounds,Complex Method
argouml,uci.gef,FigText,calcBounds,Magic Number
argouml,uci.gef,Geometry,ptClosestTo,Complex Method
argouml,uci.gef,Geometry,ptClosestTo,Magic Number
argouml,uci.gef,Geometry,ptClosestTo,Magic Number
argouml,uci.gef,Geometry,ptClosestTo,Magic Number
argouml,uci.gef,Geometry,ptClosestTo,Magic Number
argouml,uci.gef,Geometry,ptClosestTo,Magic Number
argouml,uci.gef,Geometry,ptClosestTo,Magic Number
argouml,uci.gef,Geometry,ptClosestTo,Magic Number
argouml,uci.gef,Geometry,ptClosestTo,Magic Number
argouml,uci.gef,Geometry,ptClosestTo,Magic Number
argouml,uci.gef,Geometry,ptClosestTo,Magic Number
argouml,uci.gef,Geometry,segmentAngle,Magic Number
argouml,uci.gef,Geometry,segmentAngle,Magic Number
argouml,uci.gef,Geometry,segmentAngle,Magic Number
argouml,uci.gef,Geometry,ptClosestTo,Long Parameter List
argouml,uci.gef,Geometry,ptClosestTo,Long Parameter List
argouml,uci.gef,Geometry,ptClosestTo,Long Parameter List
argouml,uci.gef,Geometry,nearPolySegment,Long Parameter List
argouml,uci.gef,Geometry,nearSegment,Long Parameter List
argouml,uci.gef,Geometry,nearSegment,Magic Number
argouml,uci.gef,Geometry,nearSegment,Magic Number
argouml,uci.gef,Geometry,intersects,Long Parameter List
argouml,uci.gef,Geometry,intersects,Long Statement
argouml,uci.gef,Geometry,counterClockWise,Long Parameter List
argouml,uci.gef,Globals,showDocument,Empty catch clause
argouml,uci.gef,Globals,waitForImages,Empty catch clause
argouml,uci.gef,Globals,addPropertyChangeListener,Magic Number
argouml,uci.gef,GuideGrid,snap,Magic Number
argouml,uci.gef,GuideGrid,snap,Magic Number
argouml,uci.gef,GuideGrid,adjust,Magic Number
argouml,uci.gef,GuideGrid,adjust,Magic Number
argouml,uci.gef,GuideGrid,adjust,Magic Number
argouml,uci.gef,JGraph,setUpKeys,Magic Number
argouml,uci.gef,JGraph,setUpKeys,Magic Number
argouml,uci.gef,JGraph,setUpKeys,Magic Number
argouml,uci.gef,JGraph,setUpKeys,Magic Number
argouml,uci.gef,JGraphFrame,setUpMenus,Long Method
argouml,uci.gef,LayerDiagram,numberWordFor,Complex Method
argouml,uci.gef,LayerDiagram,numberWordFor,Magic Number
argouml,uci.gef,LayerDiagram,numberWordFor,Magic Number
argouml,uci.gef,LayerDiagram,numberWordFor,Magic Number
argouml,uci.gef,LayerDiagram,numberWordFor,Magic Number
argouml,uci.gef,LayerDiagram,numberWordFor,Magic Number
argouml,uci.gef,LayerDiagram,numberWordFor,Magic Number
argouml,uci.gef,LayerDiagram,numberWordFor,Magic Number
argouml,uci.gef,LayerDiagram,numberWordFor,Magic Number
argouml,uci.gef,LayerDiagram,numberWordFor,Missing default
argouml,uci.gef,LayerGrid,paintContents,Complex Method
argouml,uci.gef,LayerGrid,paintLines,Magic Number
argouml,uci.gef,LayerGrid,paintLines,Magic Number
argouml,uci.gef,LayerGrid,adjust,Magic Number
argouml,uci.gef,LayerGrid,adjust,Magic Number
argouml,uci.gef,LayerGrid,adjust,Magic Number
argouml,uci.gef,LayerGrid,adjust,Magic Number
argouml,uci.gef,LayerGrid,adjust,Magic Number
argouml,uci.gef,LayerGrid,adjust,Magic Number
argouml,uci.gef,LayerGrid,adjust,Magic Number
argouml,uci.gef,LayerPerspective,bumpOffOtherNodesIn,Magic Number
argouml,uci.gef,LayerPerspective,bumpOffOtherNodesIn,Magic Number
argouml,uci.gef,LayerPerspective,shouldShow,Long Statement
argouml,uci.gef,LayerPolar,paintContents,Magic Number
argouml,uci.gef,LayerPolar,adjust,Magic Number
argouml,uci.gef,LayerPolar,adjust,Magic Number
argouml,uci.gef,LayerPolar,adjust,Magic Number
argouml,uci.gef,LayerPolar,adjust,Magic Number
argouml,uci.gef,LayerPolar,adjust,Magic Number
argouml,uci.gef,LayerPolar,adjust,Magic Number
argouml,uci.gef,LayerPolar,adjust,Magic Number
argouml,uci.gef,LayerPolar,adjust,Magic Number
argouml,uci.gef,LayerPolar,adjust,Magic Number
argouml,uci.gef,LayerPolar,adjust,Magic Number
argouml,uci.gef,LayerPolar,adjust,Magic Number
argouml,uci.gef,LayerPolar,adjust,Magic Number
argouml,uci.gef,LayerPolar,adjust,Magic Number
argouml,uci.gef,Mode,bindKey,Magic Number
argouml,uci.gef,Mode,unbindKey,Magic Number
argouml,uci.gef,Mode,keybinding,Magic Number
argouml,uci.gef,ModeCreate,creationDrag,Long Statement
argouml,uci.gef,ModeCreateArc,mouseReleased,Complex Method
argouml,uci.gef,ModeCreateFigPoly,createNewItem,Magic Number
argouml,uci.gef,ModeCreateFigPoly,mouseReleased,Magic Number
argouml,uci.gef,ModeCreateFigPoly,nearLast,Long Statement
argouml,uci.gef,ModeManager,checkModeTransitions,Complex Conditional
argouml,uci.gef,ModeModify,mouseDragged,Complex Method
argouml,uci.gef,ModeModify,mousePressed,Magic Number
argouml,uci.gef,ModeModify,mousePressed,Magic Number
argouml,uci.gef,ModeModify,mousePressed,Magic Number
argouml,uci.gef,ModeModify,mousePressed,Magic Number
argouml,uci.gef,ModeModify,checkMinDelta,Complex Conditional
argouml,uci.gef,ModeModify,checkMinDelta,Long Statement
argouml,uci.gef,ModeSelect,mousePressed,Magic Number
argouml,uci.gef,ModeSelect,mousePressed,Magic Number
argouml,uci.gef,ModeSelect,mousePressed,Magic Number
argouml,uci.gef,ModeSelect,mousePressed,Magic Number
argouml,uci.gef,ModeSelect,mouseReleased,Complex Conditional
argouml,uci.gef,ModeSelect,mouseReleased,Magic Number
argouml,uci.gef,ModeSelect,mouseReleased,Magic Number
argouml,uci.gef,ModeSelect,mouseReleased,Magic Number
argouml,uci.gef,ModeSelect,mouseReleased,Magic Number
argouml,uci.gef,NetList,addNode,Magic Number
argouml,uci.gef,NetList,removeNode,Magic Number
argouml,uci.gef,NetList,addEdge,Magic Number
argouml,uci.gef,NetList,removeEdge,Magic Number
argouml,uci.gef,PaletteFig,defineButtons,Long Statement
argouml,uci.gef,PathConvPercent,getPoint,Long Statement
argouml,uci.gef,PathConvPercent,getPoint,Magic Number
argouml,uci.gef,PathConvPercent,getPoint,Magic Number
argouml,uci.gef,Prefs,initializeRubberBandAttrs,Magic Number
argouml,uci.gef,Prefs,initializeRubberBandAttrs,Magic Number
argouml,uci.gef,Prefs,initializeRubberBandAttrs,Magic Number
argouml,uci.gef,PrefsEditor,PrefsEditor,Magic Number
argouml,uci.gef,RedrawManager,moreRepairs,Magic Number
argouml,uci.gef,RedrawManager,moreRepairs,Magic Number
argouml,uci.gef,RedrawManager,moreRepairs,Magic Number
argouml,uci.gef,RedrawManager,fewerRepairs,Magic Number
argouml,uci.gef,RedrawManager,fewerRepairs,Magic Number
argouml,uci.gef,RedrawManager,fewerRepairs,Magic Number
argouml,uci.gef,RedrawManager,setFramesPerSecond,Magic Number
argouml,uci.gef,RedrawManager,setFramesPerSecond,Magic Number
argouml,uci.gef,RedrawManager,setFramesPerSecond,Magic Number
argouml,uci.gef,RedrawManager,getFramesPerSecond,Magic Number
argouml,uci.gef,RedrawManager,run,Empty catch clause
argouml,uci.gef,RedrawManager,run,Magic Number
argouml,uci.gef,RedrawManager,paintOnscreen,Magic Number
argouml,uci.gef,RedrawManager,paintOnscreen,Magic Number
argouml,uci.gef,RedrawManager,paintOnscreen,Magic Number
argouml,uci.gef,RedrawManager,paintOnscreen,Magic Number
argouml,uci.gef,RedrawManager,paintOnscreen,Magic Number
argouml,uci.gef,RedrawManager,paintOnscreen,Magic Number
argouml,uci.gef,RedrawManager,paintOnscreen,Magic Number
argouml,uci.gef,RedrawManager,paintOffscreen,Magic Number
argouml,uci.gef,RedrawManager,paintOffscreen,Magic Number
argouml,uci.gef,RedrawManager,paintOffscreen,Magic Number
argouml,uci.gef,RedrawManager,paintOffscreen,Magic Number
argouml,uci.gef,RedrawManager,paintOffscreen,Magic Number
argouml,uci.gef,RedrawManager,findReusedImage,Complex Method
argouml,uci.gef,RedrawManager,findReusedImage,Magic Number
argouml,uci.gef,RedrawManager,findReusedImage,Magic Number
argouml,uci.gef,RedrawManager,findReusedImage,Magic Number
argouml,uci.gef,RedrawManager,findReusedImage,Magic Number
argouml,uci.gef,RedrawManager,findReusedImage,Magic Number
argouml,uci.gef,RedrawManager,findReusedImage,Magic Number
argouml,uci.gef,RedrawManager,findReusedImage,Magic Number
argouml,uci.gef,RedrawManager,findReusedImage,Magic Number
argouml,uci.gef,RedrawManager,findReusedImage,Magic Number
argouml,uci.gef,RedrawManager,findReusedImage,Magic Number
argouml,uci.gef,RedrawManager,findReusedImage,Magic Number
argouml,uci.gef,RedrawManager,findReusedImage,Magic Number
argouml,uci.gef,RedrawManager,findReusedImage,Magic Number
argouml,uci.gef,RedrawManager,findReusedImage,Magic Number
argouml,uci.gef,RedrawManager,findReusedImage,Magic Number
argouml,uci.gef,RedrawManager,findReusedImage,Magic Number
argouml,uci.gef,RedrawManager,findReusedImage,Magic Number
argouml,uci.gef,RedrawManager,findReusedImage,Magic Number
argouml,uci.gef,RedrawManager,findReusedImage,Magic Number
argouml,uci.gef,RedrawManager,findReusedImage,Magic Number
argouml,uci.gef,RedrawManager,findReusedImage,Magic Number
argouml,uci.gef,RedrawManager,findReusedImage,Magic Number
argouml,uci.gef,RedrawManager,findReusedImage,Magic Number
argouml,uci.gef,RedrawManager,findReusedImage,Magic Number
argouml,uci.gef,RedrawManager,findReusedImage,Magic Number
argouml,uci.gef,RedrawManager,findReusedImage,Magic Number
argouml,uci.gef,RedrawManager,findReusedImage,Magic Number
argouml,uci.gef,RedrawManager,findReusedImage,Magic Number
argouml,uci.gef,Selection,getBounds,Long Statement
argouml,uci.gef,Selection,getBounds,Magic Number
argouml,uci.gef,Selection,getBounds,Magic Number
argouml,uci.gef,Selection,stuffBounds,Long Statement
argouml,uci.gef,Selection,stuffBounds,Magic Number
argouml,uci.gef,Selection,stuffBounds,Magic Number
argouml,uci.gef,Selection,dragHandle,Long Parameter List
argouml,uci.gef,SelectionManager,dragHandle,Long Parameter List
argouml,uci.gef,SelectionManager,fireSelectionChanged,Magic Number
argouml,uci.gef,SelectionManager,fireSelectionChanged,Magic Number
argouml,uci.gef,SelectionMove,paint,Magic Number
argouml,uci.gef,SelectionMove,paint,Magic Number
argouml,uci.gef,SelectionMove,paint,Magic Number
argouml,uci.gef,SelectionMove,paint,Magic Number
argouml,uci.gef,SelectionMove,paint,Magic Number
argouml,uci.gef,SelectionMove,paint,Magic Number
argouml,uci.gef,SelectionMove,dragHandle,Long Parameter List
argouml,uci.gef,SelectionNoop,paint,Magic Number
argouml,uci.gef,SelectionNoop,paint,Magic Number
argouml,uci.gef,SelectionNoop,paint,Magic Number
argouml,uci.gef,SelectionNoop,paint,Magic Number
argouml,uci.gef,SelectionNoop,paint,Magic Number
argouml,uci.gef,SelectionNoop,paint,Magic Number
argouml,uci.gef,SelectionNoop,dragHandle,Long Parameter List
argouml,uci.gef,SelectionNoop,hitHandle,Magic Number
argouml,uci.gef,SelectionReshape,paint,Long Statement
argouml,uci.gef,SelectionReshape,paint,Magic Number
argouml,uci.gef,SelectionReshape,paint,Magic Number
argouml,uci.gef,SelectionReshape,paint,Magic Number
argouml,uci.gef,SelectionReshape,paint,Magic Number
argouml,uci.gef,SelectionReshape,paint,Magic Number
argouml,uci.gef,SelectionReshape,paint,Magic Number
argouml,uci.gef,SelectionReshape,paint,Magic Number
argouml,uci.gef,SelectionReshape,paint,Magic Number
argouml,uci.gef,SelectionReshape,dragHandle,Long Parameter List
argouml,uci.gef,SelectionReshape,keyTyped,Complex Conditional
argouml,uci.gef,SelectionReshape,keyTyped,Complex Method
argouml,uci.gef,SelectionReshape,keyTyped,Magic Number
argouml,uci.gef,SelectionReshape,keyTyped,Magic Number
argouml,uci.gef,SelectionResize,hitHandle,Magic Number
argouml,uci.gef,SelectionResize,hitHandle,Magic Number
argouml,uci.gef,SelectionResize,hitHandle,Magic Number
argouml,uci.gef,SelectionResize,hitHandle,Magic Number
argouml,uci.gef,SelectionResize,hitHandle,Magic Number
argouml,uci.gef,SelectionResize,hitHandle,Magic Number
argouml,uci.gef,SelectionResize,hitHandle,Magic Number
argouml,uci.gef,SelectionResize,hitHandle,Magic Number
argouml,uci.gef,SelectionResize,hitHandle,Magic Number
argouml,uci.gef,SelectionResize,hitHandle,Magic Number
argouml,uci.gef,SelectionResize,hitHandle,Magic Number
argouml,uci.gef,SelectionResize,hitHandle,Magic Number
argouml,uci.gef,SelectionResize,hitHandle,Magic Number
argouml,uci.gef,SelectionResize,hitHandle,Magic Number
argouml,uci.gef,SelectionResize,hitHandle,Magic Number
argouml,uci.gef,SelectionResize,paint,Magic Number
argouml,uci.gef,SelectionResize,paint,Magic Number
argouml,uci.gef,SelectionResize,paint,Magic Number
argouml,uci.gef,SelectionResize,paint,Magic Number
argouml,uci.gef,SelectionResize,paint,Magic Number
argouml,uci.gef,SelectionResize,paint,Magic Number
argouml,uci.gef,SelectionResize,paint,Magic Number
argouml,uci.gef,SelectionResize,paint,Magic Number
argouml,uci.gef,SelectionResize,dragHandle,Complex Method
argouml,uci.gef,SelectionResize,dragHandle,Long Parameter List
argouml,uci.gef,SelectionResize,dragHandle,Magic Number
argouml,uci.gef,SelectionResize,dragHandle,Magic Number
argouml,uci.gef,SelectionResize,dragHandle,Magic Number
argouml,uci.gef,SelectionResize,dragHandle,Magic Number
argouml,uci.gef,SelectionResize,dragHandle,Magic Number
argouml,uci.gef,SelectionResize,dragHandle,Magic Number
argouml,uci.gef,SelectionResize,dragHandle,Missing default
argouml,uci.gef,SelectionRotate,dragHandle,Long Parameter List
argouml,uci.gef,SelectionRotate,hitHandle,Magic Number
argouml,uci.gef.demo,BasicApplication,BasicApplication,Magic Number
argouml,uci.gef.demo,BasicApplication,BasicApplication,Magic Number
argouml,uci.gef.demo,BasicApplication,BasicApplication,Magic Number
argouml,uci.gef.demo,BasicApplication,BasicApplication,Magic Number
argouml,uci.gef.demo,EquipmentApplet,parseParams,Magic Number
argouml,uci.gef.demo,EquipmentApplet,parseParams,Magic Number
argouml,uci.gef.demo,EquipmentApplet,setupWindows,Magic Number
argouml,uci.gef.demo,EquipmentApplet,setupWindows,Magic Number
argouml,uci.gef.demo,EquipmentApplet,getAppletInfo,Long Statement
argouml,uci.gef.demo,FlexibleApplet,parseParams,Magic Number
argouml,uci.gef.demo,FlexibleApplet,parseParams,Magic Number
argouml,uci.gef.demo,FlexibleApplet,getAppletInfo,Long Statement
argouml,uci.gef.demo,FlexibleApplet,getParameterInfo,Magic Number
argouml,uci.gef.demo,FlexibleApplet,getParameterInfo,Magic Number
argouml,uci.gef.demo,FlexibleApplet,getParameterInfo,Magic Number
argouml,uci.gef.demo,FlexibleApplet,getParameterInfo,Magic Number
argouml,uci.gef.demo,FlexibleApplet,getParameterInfo,Magic Number
argouml,uci.gef.demo,FlexibleApplet,getParameterInfo,Magic Number
argouml,uci.gef.demo,FlexibleApplet,getParameterInfo,Magic Number
argouml,uci.gef.demo,FlexibleApplet,getParameterInfo,Magic Number
argouml,uci.gef.demo,FlexibleApplet,getParameterInfo,Magic Number
argouml,uci.gef.demo,FlexibleApplet,getParameterInfo,Magic Number
argouml,uci.gef.demo,FlexibleApplet,getParameterInfo,Magic Number
argouml,uci.gef.demo,FlexibleApplet,getParameterInfo,Magic Number
argouml,uci.gef.demo,FlexibleApplet,getParameterInfo,Magic Number
argouml,uci.gef.demo,FlexibleApplet,getParameterInfo,Magic Number
argouml,uci.gef.demo,FlexibleApplet,getParameterInfo,Magic Number
argouml,uci.gef.demo,FlexibleApplet,getParameterInfo,Magic Number
argouml,uci.gef.demo,NodeCPU,setMegsOfRAM,Magic Number
argouml,uci.gef.demo,NodeCPU,setBusSpeedMHz,Magic Number
argouml,uci.gef.demo,NodeCPU,setBusSpeedMHz,Magic Number
argouml,uci.gef.demo,NodeCPU,setCPUSpeedMhz,Complex Conditional
argouml,uci.gef.demo,NodeCPU,setCPUSpeedMhz,Long Statement
argouml,uci.gef.demo,NodeCPU,setCPUSpeedMhz,Magic Number
argouml,uci.gef.demo,NodeCPU,setCPUSpeedMhz,Magic Number
argouml,uci.gef.demo,NodeCPU,setCPUSpeedMhz,Magic Number
argouml,uci.gef.demo,NodeCPU,setCPUSpeedMhz,Magic Number
argouml,uci.gef.demo,NodeCPU,setCPUSpeedMhz,Magic Number
argouml,uci.gef.demo,NodeCPU,setCPUSpeedMhz,Magic Number
argouml,uci.gef.demo,NodeCPU,setCPUSpeedMhz,Magic Number
argouml,uci.gef.demo,NodeCPU,setCPUSpeedMhz,Magic Number
argouml,uci.gef.demo,NodeCPU,setCPUSpeedMhz,Magic Number
argouml,uci.gef.demo,NodeCPU,setCPUSpeedMhz,Magic Number
argouml,uci.gef.demo,NodeCPU,setCPUSpeedMhz,Magic Number
argouml,uci.gef.demo,NodeCPU,setCPUSpeedMhz,Magic Number
argouml,uci.gef.demo,NodeCPU,setCPUSpeedMhz,Magic Number
argouml,uci.gef.demo,NodeCPU,makePresentation,Empty catch clause
argouml,uci.gef.demo,NodeCPU,makePresentation,Magic Number
argouml,uci.gef.demo,NodeCPU,makePresentation,Magic Number
argouml,uci.gef.demo,NodeCPU,makePresentation,Magic Number
argouml,uci.gef.demo,NodeCPU,makePresentation,Magic Number
argouml,uci.gef.demo,NodeCPU,makePresentation,Magic Number
argouml,uci.gef.demo,NodeCPU,makePresentation,Magic Number
argouml,uci.gef.demo,NodeCPU,makePresentation,Magic Number
argouml,uci.gef.demo,NodeCPU,makePresentation,Magic Number
argouml,uci.gef.demo,NodeCPU,makePresentation,Magic Number
argouml,uci.gef.demo,NodePrinter,makePresentation,Empty catch clause
argouml,uci.gef.demo,NodePrinter,makePresentation,Magic Number
argouml,uci.gef.demo,NodePrinter,makePresentation,Magic Number
argouml,uci.gef.demo,NodePrinter,makePresentation,Magic Number
argouml,uci.gef.demo,NodePrinter,makePresentation,Magic Number
argouml,uci.gef.demo,NodePrinter,makePresentation,Magic Number
argouml,uci.gef.demo,NodePrinter,makePresentation,Magic Number
argouml,uci.gef.demo,NodePrinter,makePresentation,Magic Number
argouml,uci.gef.demo,NodePrinter,makePresentation,Magic Number
argouml,uci.gef.demo,NodePrinter,makePresentation,Magic Number
argouml,uci.gef.demo,NodeWall,makePresentation,Magic Number
argouml,uci.gef.demo,NodeWall,makePresentation,Magic Number
argouml,uci.gef.demo,NodeWall,makePresentation,Magic Number
argouml,uci.gef.demo,NodeWall,makePresentation,Magic Number
argouml,uci.gef.demo,NodeWall,makePresentation,Magic Number
argouml,uci.gef.demo,NodeWall,makePresentation,Magic Number
argouml,uci.gef.demo,NodeWall,makePresentation,Magic Number
argouml,uci.gef.demo,NodeWall,makePresentation,Magic Number
argouml,uci.gef.demo,NodeWall,makePresentation,Magic Number
argouml,uci.gef.demo,NodeWall,makePresentation,Magic Number
argouml,uci.gef.demo,PortPower,canConnectTo,Long Statement
argouml,uci.gef.demo,SampleNode,makePresentation,Magic Number
argouml,uci.gef.demo,SampleNode,makePresentation,Magic Number
argouml,uci.gef.demo,SampleNode,makePresentation,Magic Number
argouml,uci.gef.demo,SampleNode,makePresentation,Magic Number
argouml,uci.gef.demo,SampleNode,makePresentation,Magic Number
argouml,uci.gef.demo,SampleNode,makePresentation,Magic Number
argouml,uci.gef.demo,SampleNode,makePresentation,Magic Number
argouml,uci.gef.demo,SampleNode,makePresentation,Magic Number
argouml,uci.gef.demo,SampleNode,makePresentation,Magic Number
argouml,uci.gef.demo,SampleNode,makePresentation,Magic Number
argouml,uci.gef.demo,SampleNode,makePresentation,Magic Number
argouml,uci.gef.demo,SampleNode,makePresentation,Magic Number
argouml,uci.gef.demo,SampleNode,makePresentation,Magic Number
argouml,uci.gef.demo,SampleNode,makePresentation,Magic Number
argouml,uci.gef.demo,SampleNode,makePresentation,Magic Number
argouml,uci.gef.demo,SampleNode,makePresentation,Magic Number
argouml,uci.gef.demo,SampleNode,makePresentation,Magic Number
argouml,uci.gef.demo,SampleNode,makePresentation,Magic Number
argouml,uci.gef.demo,SampleNode,makePresentation,Magic Number
argouml,uci.gef.demo,SampleNode,makePresentation,Magic Number
argouml,uci.gef.demo,SampleNode,makePresentation,Magic Number
argouml,uci.gef.demo,SampleNode,makePresentation,Magic Number
argouml,uci.gef.demo,SampleNode,makePresentation,Magic Number
argouml,uci.gef.demo,SampleNode,makePresentation,Magic Number
argouml,uci.gef.demo,SampleNode2,makePresentation,Magic Number
argouml,uci.gef.demo,SampleNode2,makePresentation,Magic Number
argouml,uci.gef.demo,SampleNode2,makePresentation,Magic Number
argouml,uci.gef.demo,SampleNode2,makePresentation,Magic Number
argouml,uci.gef.demo,SampleNode2,makePresentation,Magic Number
argouml,uci.gef.demo,SampleNode2,makePresentation,Magic Number
argouml,uci.gef.demo,SampleNode2,makePresentation,Magic Number
argouml,uci.gef.demo,SampleNode2,makePresentation,Magic Number
argouml,uci.gef.demo,SampleNode2,makePresentation,Magic Number
argouml,uci.gef.demo,SampleNode2,makePresentation,Magic Number
argouml,uci.gef.demo,SampleNode2,makePresentation,Magic Number
argouml,uci.gef.demo,SampleNode2,makePresentation,Magic Number
argouml,uci.gef.demo,SampleNode2,makePresentation,Magic Number
argouml,uci.gef.demo,SampleNode2,makePresentation,Magic Number
argouml,uci.gef.demo,SampleNode2,makePresentation,Magic Number
argouml,uci.gef.demo,SampleNode2,makePresentation,Magic Number
argouml,uci.gef.demo,SampleNode2,makePresentation,Magic Number
argouml,uci.gef.demo,SampleNode2,makePresentation,Magic Number
argouml,uci.gef.demo,SampleNode2,makePresentation,Magic Number
argouml,uci.gef.demo,SampleNode2,makePresentation,Magic Number
argouml,uci.gef.demo,SampleNode2,makePresentation,Magic Number
argouml,uci.gef.demo,SampleNode2,makePresentation,Magic Number
argouml,uci.gef.demo,SampleNode2,makePresentation,Magic Number
argouml,uci.gef.demo,SampleNode2,makePresentation,Magic Number
argouml,uci.gef.demo,BasicApplication,BasicApplication,Magic Number
argouml,uci.gef.demo,BasicApplication,BasicApplication,Magic Number
argouml,uci.gef.demo,EquipmentApplet,parseParams,Magic Number
argouml,uci.gef.demo,EquipmentApplet,parseParams,Magic Number
argouml,uci.gef.demo,EquipmentApplet,setupWindows,Magic Number
argouml,uci.gef.demo,EquipmentApplet,setupWindows,Magic Number
argouml,uci.gef.demo,EquipmentApplet,getAppletInfo,Long Statement
argouml,uci.gef.demo,EquipmentPalette,EquipmentPalette,Magic Number
argouml,uci.gef.demo,NodeCPU,setMegsOfRAM,Magic Number
argouml,uci.gef.demo,NodeCPU,setBusSpeedMHz,Magic Number
argouml,uci.gef.demo,NodeCPU,setBusSpeedMHz,Magic Number
argouml,uci.gef.demo,NodeCPU,setCPUSpeedMhz,Complex Conditional
argouml,uci.gef.demo,NodeCPU,setCPUSpeedMhz,Long Statement
argouml,uci.gef.demo,NodeCPU,setCPUSpeedMhz,Magic Number
argouml,uci.gef.demo,NodeCPU,setCPUSpeedMhz,Magic Number
argouml,uci.gef.demo,NodeCPU,setCPUSpeedMhz,Magic Number
argouml,uci.gef.demo,NodeCPU,setCPUSpeedMhz,Magic Number
argouml,uci.gef.demo,NodeCPU,setCPUSpeedMhz,Magic Number
argouml,uci.gef.demo,NodeCPU,setCPUSpeedMhz,Magic Number
argouml,uci.gef.demo,NodeCPU,setCPUSpeedMhz,Magic Number
argouml,uci.gef.demo,NodeCPU,setCPUSpeedMhz,Magic Number
argouml,uci.gef.demo,NodeCPU,setCPUSpeedMhz,Magic Number
argouml,uci.gef.demo,NodeCPU,setCPUSpeedMhz,Magic Number
argouml,uci.gef.demo,NodeCPU,setCPUSpeedMhz,Magic Number
argouml,uci.gef.demo,NodeCPU,setCPUSpeedMhz,Magic Number
argouml,uci.gef.demo,NodeCPU,setCPUSpeedMhz,Magic Number
argouml,uci.gef.demo,NodeCPU,put,Complex Method
argouml,uci.gef.demo,NodeCPU,makePresentation,Empty catch clause
argouml,uci.gef.demo,NodeCPU,makePresentation,Magic Number
argouml,uci.gef.demo,NodeCPU,makePresentation,Magic Number
argouml,uci.gef.demo,NodeCPU,makePresentation,Magic Number
argouml,uci.gef.demo,NodeCPU,makePresentation,Magic Number
argouml,uci.gef.demo,NodeCPU,makePresentation,Magic Number
argouml,uci.gef.demo,NodeCPU,makePresentation,Magic Number
argouml,uci.gef.demo,NodeCPU,makePresentation,Magic Number
argouml,uci.gef.demo,NodeCPU,makePresentation,Magic Number
argouml,uci.gef.demo,NodeCPU,makePresentation,Magic Number
argouml,uci.gef.demo,NodePrinter,makePresentation,Empty catch clause
argouml,uci.gef.demo,NodePrinter,makePresentation,Magic Number
argouml,uci.gef.demo,NodePrinter,makePresentation,Magic Number
argouml,uci.gef.demo,NodePrinter,makePresentation,Magic Number
argouml,uci.gef.demo,NodePrinter,makePresentation,Magic Number
argouml,uci.gef.demo,NodePrinter,makePresentation,Magic Number
argouml,uci.gef.demo,NodePrinter,makePresentation,Magic Number
argouml,uci.gef.demo,NodePrinter,makePresentation,Magic Number
argouml,uci.gef.demo,NodePrinter,makePresentation,Magic Number
argouml,uci.gef.demo,NodePrinter,makePresentation,Magic Number
argouml,uci.gef.demo,NodeWall,makePresentation,Magic Number
argouml,uci.gef.demo,NodeWall,makePresentation,Magic Number
argouml,uci.gef.demo,NodeWall,makePresentation,Magic Number
argouml,uci.gef.demo,NodeWall,makePresentation,Magic Number
argouml,uci.gef.demo,NodeWall,makePresentation,Magic Number
argouml,uci.gef.demo,NodeWall,makePresentation,Magic Number
argouml,uci.gef.demo,NodeWall,makePresentation,Magic Number
argouml,uci.gef.demo,NodeWall,makePresentation,Magic Number
argouml,uci.gef.demo,NodeWall,makePresentation,Magic Number
argouml,uci.gef.demo,NodeWall,makePresentation,Magic Number
argouml,uci.gef.demo,PortPower,canConnectTo,Long Statement
argouml,uci.graph,DefaultGraphModel,connect,Empty catch clause
argouml,uci.graph,DefaultGraphModel,connect,Empty catch clause
argouml,uci.ui,AboutDialog,AboutDialog,Magic Number
argouml,uci.ui,AboutDialog,AboutDialog,Magic Number
argouml,uci.ui,AboutDialog,AboutDialog,Magic Number
argouml,uci.ui,AboutDialog,AboutDialog,Magic Number
argouml,uci.ui,AboutDialog,AboutDialog,Magic Number
argouml,uci.ui,AboutDialog,AboutDialog,Magic Number
argouml,uci.ui,AboutDialog,AboutDialog,Magic Number
argouml,uci.ui,AboutDialog,AboutDialog,Magic Number
argouml,uci.ui,AboutDialog,AboutDialog,Magic Number
argouml,uci.ui,AboutDialog,AboutDialog,Magic Number
argouml,uci.ui,AboutDialog,show,Magic Number
argouml,uci.ui,AboutDialog,show,Magic Number
argouml,uci.ui,PropertyCanvas,paint,Magic Number
argouml,uci.ui,PropertyCanvas,paint,Magic Number
argouml,uci.ui,PropertyCanvas,paint,Magic Number
argouml,uci.ui,PropertyCanvas,paint,Magic Number
argouml,uci.ui,PropertyCanvas,mouseClicked,Magic Number
argouml,uci.ui,PropertyCanvas,mouseClicked,Magic Number
argouml,uci.ui,PropertyDialog,doLayout,Long Statement
argouml,uci.ui,PropertyDialog,doLayout,Magic Number
argouml,uci.ui,PropertyDialog,doLayout,Magic Number
argouml,uci.ui,PropertyDialog,doLayout,Magic Number
argouml,uci.ui,PropertyDialog,doLayout,Magic Number
argouml,uci.ui,PropertyText,keyReleased,Empty catch clause
argouml,uci.ui,PropsGridLayout,layoutContainer,Magic Number
argouml,uci.ui,PropSheet,applyProperty,Long Statement
argouml,uci.ui,PropSheetCategory,PropSheetCategory,Magic Number
argouml,uci.ui,PropSheetCategory,PropSheetCategory,Magic Number
argouml,uci.ui,PropSheetCategory,PropSheetCategory,Magic Number
argouml,uci.ui,PropSheetCategory,PropSheetCategory,Magic Number
argouml,uci.ui,PropSheetCategory,PropSheetCategory,Magic Number
argouml,uci.ui,PropSheetCategory,PropSheetCategory,Magic Number
argouml,uci.ui,PropSheetCategory,PropSheetCategory,Magic Number
argouml,uci.ui,PropSheetCategory,PropSheetCategory,Magic Number
argouml,uci.ui,PropSheetCategory,PropSheetCategory,Magic Number
argouml,uci.ui,PropSheetCategory,PropSheetCategory,Magic Number
argouml,uci.ui,PropSheetCategory,makeComp,Complex Method
argouml,uci.ui,PropSheetCategory,makeComp,Empty catch clause
argouml,uci.ui,QuitDialog,QuitDialog,Magic Number
argouml,uci.ui,QuitDialog,QuitDialog,Magic Number
argouml,uci.ui,QuitDialog,QuitDialog,Magic Number
argouml,uci.ui,QuitDialog,QuitDialog,Magic Number
argouml,uci.ui,QuitDialog,QuitDialog,Magic Number
argouml,uci.ui,QuitDialog,QuitDialog,Magic Number
argouml,uci.ui,QuitDialog,QuitDialog,Magic Number
argouml,uci.ui,QuitDialog,QuitDialog,Magic Number
argouml,uci.ui,QuitDialog,QuitDialog,Magic Number
argouml,uci.ui,QuitDialog,QuitDialog,Magic Number
argouml,uci.ui,QuitDialog,QuitDialog,Magic Number
argouml,uci.ui,QuitDialog,QuitDialog,Magic Number
argouml,uci.ui,QuitDialog,QuitDialog,Magic Number
argouml,uci.ui,QuitDialog,QuitDialog,Magic Number
argouml,uci.ui,QuitDialog,QuitDialog,Magic Number
argouml,uci.ui,QuitDialog,QuitDialog,Magic Number
argouml,uci.ui,QuitDialog,show,Magic Number
argouml,uci.ui,QuitDialog,show,Magic Number
argouml,uci.ui,TabPropFrame,TabPropFrame,Magic Number
argouml,uci.ui,TabPropFrame,TabPropFrame,Magic Number
argouml,uci.ui,TabPropFrame,TabPropFrame,Magic Number
argouml,uci.ui,TabPropFrame,TabPropFrame,Magic Number
argouml,uci.ui,TabPropFrame,TabPropFrame,Magic Number
argouml,uci.ui,TabPropFrame,TabPropFrame,Magic Number
argouml,uci.ui,TabPropFrame,TabPropFrame,Magic Number
argouml,uci.ui,TabPropFrame,TabPropFrame,Magic Number
argouml,uci.ui,TabPropFrame,TabPropFrame,Magic Number
argouml,uci.ui,TabPropFrame,TabPropFrame,Magic Number
argouml,uci.ui,TabPropFrame,TabPropFrame,Magic Number
argouml,uci.ui,TabPropFrame,TabPropFrame,Magic Number
argouml,uci.ui,TabPropFrame,TabPropFrame,Magic Number
argouml,uci.ui,TabPropFrame,TabPropFrame,Magic Number
argouml,uci.ui,TabPropFrame,TabPropFrame,Magic Number
argouml,uci.ui,TabPropFrame,TabPropFrame,Magic Number
argouml,uci.ui,TabPropFrame,TabPropFrame,Magic Number
argouml,uci.ui,TabPropFrame,TabPropFrame,Magic Number
argouml,uci.ui,TabPropFrame,TabPropFrame,Magic Number
argouml,uci.ui,TabPropFrame,TabPropFrame,Magic Number
argouml,uci.ui,TabPropFrame,TabPropFrame,Magic Number
argouml,uci.ui,TabPropFrame,TabPropFrame,Magic Number
argouml,uci.ui,TabPropFrame,TabPropFrame,Magic Number
argouml,uci.ui,TabPropFrame,TabPropFrame,Magic Number
argouml,uci.ui,TabPropFrame,TabPropFrame,Magic Number
argouml,uci.ui,TabPropFrame,TabPropFrame,Magic Number
argouml,uci.ui,TabPropFrame,TabPropFrame,Magic Number
argouml,uci.ui,TabPropFrame,TabPropFrame,Magic Number
argouml,uci.ui,TabPropFrame,TabPropFrame,Magic Number
argouml,uci.ui,TabPropFrame,TabPropFrame,Magic Number
argouml,uci.ui,TabPropFrame,TabPropFrame,Magic Number
argouml,uci.ui,TabPropFrame,TabPropFrame,Magic Number
argouml,uci.ui,TabPropFrame,TabPropFrame,Magic Number
argouml,uci.ui,TabPropFrame,TabPropFrame,Magic Number
argouml,uci.ui,TabPropFrame,TabPropFrame,Magic Number
argouml,uci.ui,TabPropFrame,TabPropFrame,Magic Number
argouml,uci.ui,TabPropFrame,TabPropFrame,Magic Number
argouml,uci.ui,TabPropFrame,TabPropFrame,Magic Number
argouml,uci.ui,TabPropFrame,TabPropFrame,Magic Number
argouml,uci.ui,TabPropFrame,TabPropFrame,Magic Number
argouml,uci.ui,TabPropFrame,TabPropFrame,Magic Number
argouml,uci.ui,TabPropFrame,TabPropFrame,Magic Number
argouml,uci.ui,TabPropFrame,TabPropFrame,Magic Number
argouml,uci.ui,TabPropFrame,TabPropFrame,Magic Number
argouml,uci.ui,TabPropFrame,TabPropFrame,Magic Number
argouml,uci.ui,TabPropFrame,TabPropFrame,Magic Number
argouml,uci.ui,TabPropFrame,TabPropFrame,Magic Number
argouml,uci.ui,TabPropFrame,show,Magic Number
argouml,uci.ui,TabPropFrame,show,Magic Number
argouml,uci.ui,TabPropFrame,updateTabs,Empty catch clause
argouml,uci.ui,TabPropFrame,updateTabEnabled,Empty catch clause
argouml,uci.ui,ToolBar,addRadioGroup,Long Parameter List
argouml,uci.uml.Foundation.Core,Association,Association,Long Parameter List
argouml,uci.uml.Foundation.Core,ElementImpl,ElementImpl,Empty catch clause
argouml,uci.uml.Foundation.Core,ElementImpl,ElementImpl,Empty catch clause
argouml,uci.uml.Foundation.Core,Operation,Operation,Long Parameter List
argouml,uci.uml.Foundation.Core,Operation,Operation,Long Parameter List
argouml,uci.uml.generate,Generator,generate,Complex Method
argouml,uci.uml.generate,GeneratorDisplay,generateClassifier,Complex Method
argouml,uci.uml,Main,main,Magic Number
argouml,uci.uml,Main,main,Magic Number
argouml,uci.uml,Main,main,Magic Number
argouml,uci.uml,Main,main,Magic Number
argouml,uci.uml.test.omg,GraphicsExample,GraphicsExample,Long Statement
argouml,uci.uml.test.omg,GraphicsExample,GraphicsExample,Magic Number
argouml,uci.uml.test.omg,SoccerExample,SoccerExample,Long Statement
argouml,uci.uml.ui,UMLAction,actionPerformed,Magic Number
argouml,uci.uml.ui,DetailsPane,DetailsPane,Magic Number
argouml,uci.uml.ui,DetailsPane,getMinimumSize,Magic Number
argouml,uci.uml.ui,DetailsPane,getMinimumSize,Magic Number
argouml,uci.uml.ui,DetailsPane,getPreferredSize,Magic Number
argouml,uci.uml.ui,DetailsPane,getPreferredSize,Magic Number
argouml,uci.uml.ui,DetailsPane,mouseClicked,Magic Number
argouml,uci.uml.ui,UpArrowIcon,paintIcon,Magic Number
argouml,uci.uml.ui,UpArrowIcon,getIconWidth,Magic Number
argouml,uci.uml.ui,UpArrowIcon,getIconHeight,Magic Number
argouml,uci.uml.ui,LeftArrowIcon,paintIcon,Magic Number
argouml,uci.uml.ui,LeftArrowIcon,getIconWidth,Magic Number
argouml,uci.uml.ui,LeftArrowIcon,getIconHeight,Magic Number
argouml,uci.uml.ui,DisplayTextTree,convertValueToText,Long Parameter List
argouml,uci.uml.ui,MultiEditorPane,getMinimumSize,Magic Number
argouml,uci.uml.ui,MultiEditorPane,getMinimumSize,Magic Number
argouml,uci.uml.ui,MultiEditorPane,getPreferredSize,Magic Number
argouml,uci.uml.ui,MultiEditorPane,getPreferredSize,Magic Number
argouml,uci.uml.ui,MultiEditorPane,setTarget,Complex Method
argouml,uci.uml.ui,MultiEditorPane,mouseClicked,Magic Number
argouml,uci.uml.ui,NavigatorPane,getPreferredSize,Magic Number
argouml,uci.uml.ui,NavigatorPane,getPreferredSize,Magic Number
argouml,uci.uml.ui,NavigatorPane,getMinimumSize,Magic Number
argouml,uci.uml.ui,NavigatorPane,getMinimumSize,Magic Number
argouml,uci.uml.ui,NavigatorPane,mouseClicked,Magic Number
argouml,uci.uml.ui,NavigatorMouseListener,mouseClicked,Magic Number
argouml,uci.uml.ui,NavPerspective,fireTreeNodesChanged,Magic Number
argouml,uci.uml.ui,NavPerspective,fireTreeNodesChanged,Magic Number
argouml,uci.uml.ui,NavPerspective,fireTreeNodesInserted,Magic Number
argouml,uci.uml.ui,NavPerspective,fireTreeNodesInserted,Magic Number
argouml,uci.uml.ui,NavPerspective,fireTreeNodesRemoved,Magic Number
argouml,uci.uml.ui,NavPerspective,fireTreeNodesRemoved,Magic Number
argouml,uci.uml.ui,NavPerspective,fireTreeStructureChanged,Magic Number
argouml,uci.uml.ui,NavPerspective,fireTreeStructureChanged,Magic Number
argouml,uci.uml.ui,ProjectBrowser,createPanels,Magic Number
argouml,uci.uml.ui,ProjectBrowser,createPanels,Magic Number
argouml,uci.uml.ui,ProjectBrowser,createPanels,Magic Number
argouml,uci.uml.ui,ProjectBrowser,createPanels,Magic Number
argouml,uci.uml.ui,StatusBar,StatusBar,Magic Number
argouml,uci.uml.ui,StatusBar,StatusBar,Magic Number
argouml,uci.uml.ui,StatusBar,StatusBar,Magic Number
argouml,uci.uml.ui,StatusBar,StatusBar,Magic Number
argouml,uci.uml.ui,StatusBar,StatusBar,Magic Number
argouml,uci.uml.ui,StatusBar,StatusBar,Magic Number
argouml,uci.uml.ui,StatusBar,StatusBar,Magic Number
argouml,uci.uml.ui,StatusBar,StatusBar,Magic Number
argouml,uci.uml.ui,StatusBar,StatusBar,Magic Number
argouml,uci.uml.ui,StatusBar,StatusBar,Magic Number
argouml,uci.uml.ui,StatusBar,run,Empty catch clause
argouml,uci.uml.ui,StatusBar,run,Empty catch clause
argouml,uci.uml.ui,StatusBar,run,Magic Number
argouml,uci.uml.ui,StatusBar,run,Magic Number
argouml,uci.uml.ui,PropsTab,PropsTab,Magic Number
argouml,uci.uml.ui,TabHistory,getListCellRendererComponent,Long Parameter List
argouml,uci.uml.ui,ManipIcon,paintIcon,Magic Number
argouml,uci.uml.ui,ManipIcon,getIconWidth,Magic Number
argouml,uci.uml.ui,ManipIcon,getIconHeight,Magic Number
argouml,uci.uml.ui,FiredIcon,paintIcon,Magic Number
argouml,uci.uml.ui,FiredIcon,getIconWidth,Magic Number
argouml,uci.uml.ui,FiredIcon,getIconHeight,Magic Number
argouml,uci.uml.ui,ResolvedIcon,paintIcon,Magic Number
argouml,uci.uml.ui,ResolvedIcon,getIconWidth,Magic Number
argouml,uci.uml.ui,ResolvedIcon,getIconHeight,Magic Number
argouml,uci.uml.ui,HistoryListModel,fireIntervalAdded,Magic Number
argouml,uci.uml.ui,HistoryListModel,fireIntervalAdded,Magic Number
argouml,uci.uml.ui,TabProps,TabProps,Magic Number
argouml,uci.uml.ui,TabSpawnable,spawn,Magic Number
argouml,uci.uml.ui,TabText,TabText,Magic Number
argouml,uci.uml.ui,ToDoPane,getPreferredSize,Magic Number
argouml,uci.uml.ui,ToDoPane,getPreferredSize,Magic Number
argouml,uci.uml.ui,ToDoPane,getMinimumSize,Magic Number
argouml,uci.uml.ui,ToDoPane,getMinimumSize,Magic Number
argouml,uci.uml.ui,ToDoPane,mouseClicked,Magic Number
argouml,uci.uml.ui,ToDoPerspective,toDoItemAdded,Magic Number
argouml,uci.uml.ui,ToDoPerspective,fireTreeNodesChanged,Magic Number
argouml,uci.uml.ui,ToDoPerspective,fireTreeNodesChanged,Magic Number
argouml,uci.uml.ui,ToDoPerspective,fireTreeNodesInserted,Magic Number
argouml,uci.uml.ui,ToDoPerspective,fireTreeNodesInserted,Magic Number
argouml,uci.uml.ui,ToDoPerspective,fireTreeNodesRemoved,Magic Number
argouml,uci.uml.ui,ToDoPerspective,fireTreeNodesRemoved,Magic Number
argouml,uci.uml.ui,ToDoPerspective,fireTreeStructureChanged,Magic Number
argouml,uci.uml.ui,ToDoPerspective,fireTreeStructureChanged,Magic Number
argouml,uci.uml.ui,UMLTreeCellRenderer,getTreeCellRendererComponent,Long Parameter List
argouml,uci.uml.visual,ClassDiagramGraphModel,connect,Empty catch clause
argouml,uci.uml.visual,FigClass,FigClass,Magic Number
argouml,uci.uml.visual,FigClass,FigClass,Magic Number
argouml,uci.uml.visual,FigClass,FigClass,Magic Number
argouml,uci.uml.visual,FigClass,FigClass,Magic Number
argouml,uci.uml.visual,FigClass,FigClass,Magic Number
argouml,uci.uml.visual,FigClass,FigClass,Magic Number
argouml,uci.uml.visual,FigClass,FigClass,Magic Number
argouml,uci.uml.visual,FigClass,FigClass,Magic Number
argouml,uci.uml.visual,FigClass,FigClass,Magic Number
argouml,uci.uml.visual,FigClass,FigClass,Magic Number
argouml,uci.uml.visual,FigClass,FigClass,Magic Number
argouml,uci.uml.visual,FigClass,FigClass,Magic Number
argouml,uci.uml.visual,FigClass,FigClass,Magic Number
argouml,uci.uml.visual,FigClass,FigClass,Magic Number
argouml,uci.uml.visual,FigClass,FigClass,Magic Number
argouml,uci.uml.visual,FigClass,FigClass,Magic Number
argouml,uci.uml.visual,FigClass,FigClass,Magic Number
argouml,uci.uml.visual,FigClass,FigClass,Magic Number
argouml,uci.uml.visual,FigClass,FigClass,Magic Number
argouml,uci.uml.visual,FigClass,setBounds,Magic Number
argouml,uci.uml.visual,FigClass,setBounds,Magic Number
argouml,uci.uml.visual,FigClass,setBounds,Magic Number
argouml,uci.uml.visual,FigClass,setBounds,Magic Number
argouml,uci.uml.visual,FigClass,setBounds,Magic Number
argouml,uci.uml.visual,FigClass,setBounds,Magic Number
argouml,uci.uml.visual,FigClass,setBounds,Magic Number
argouml,uci.uml.visual,FigClass,setBounds,Magic Number
argouml,uci.uml.visual,FigClass,setBounds,Magic Number
argouml,uci.uml.visual,FigClass,setBounds,Magic Number
argouml,uci.uml.visual.demo,ClassNode,makePresentation,Magic Number
argouml,uci.uml.visual.demo,ClassNode,makePresentation,Magic Number
argouml,uci.uml.visual.demo,ClassNode,makePresentation,Magic Number
argouml,uci.uml.visual.demo,ClassNode,makePresentation,Magic Number
argouml,uci.uml.visual.demo,FlexibleApplet,parseParams,Magic Number
argouml,uci.uml.visual.demo,FlexibleApplet,parseParams,Magic Number
argouml,uci.uml.visual.demo,FlexibleApplet,setupWindows,Magic Number
argouml,uci.uml.visual.demo,FlexibleApplet,setupWindows,Magic Number
argouml,uci.uml.visual.demo,FlexibleApplet,setupWindows,Magic Number
argouml,uci.uml.visual.demo,FlexibleApplet,setupWindows,Magic Number
argouml,uci.uml.visual.demo,FlexibleApplet,getAppletInfo,Long Statement
argouml,uci.uml.visual.demo,FlexibleApplet,getParameterInfo,Magic Number
argouml,uci.uml.visual.demo,FlexibleApplet,getParameterInfo,Magic Number
argouml,uci.uml.visual.demo,FlexibleApplet,getParameterInfo,Magic Number
argouml,uci.uml.visual.demo,FlexibleApplet,getParameterInfo,Magic Number
argouml,uci.uml.visual.demo,FlexibleApplet,getParameterInfo,Magic Number
argouml,uci.uml.visual.demo,FlexibleApplet,getParameterInfo,Magic Number
argouml,uci.uml.visual.demo,FlexibleApplet,getParameterInfo,Magic Number
argouml,uci.uml.visual.demo,FlexibleApplet,getParameterInfo,Magic Number
argouml,uci.uml.visual.demo,FlexibleApplet,getParameterInfo,Magic Number
argouml,uci.uml.visual.demo,FlexibleApplet,getParameterInfo,Magic Number
argouml,uci.uml.visual.demo,FlexibleApplet,getParameterInfo,Magic Number
argouml,uci.uml.visual.demo,FlexibleApplet,getParameterInfo,Magic Number
argouml,uci.uml.visual.demo,FlexibleApplet,getParameterInfo,Magic Number
argouml,uci.uml.visual.demo,FlexibleApplet,getParameterInfo,Magic Number
argouml,uci.uml.visual.demo,FlexibleApplet,getParameterInfo,Magic Number
argouml,uci.uml.visual.demo,FlexibleApplet,getParameterInfo,Magic Number
argouml,uci.uml.visual.demo,SampleClass,makePresentation,Magic Number
argouml,uci.uml.visual.demo,SampleClass,makePresentation,Magic Number
argouml,uci.uml.visual.demo,SampleClass,makePresentation,Magic Number
argouml,uci.uml.visual.demo,SampleClass,makePresentation,Magic Number
argouml,uci.uml.visual.demo,SampleClass,makePresentation,Magic Number
argouml,uci.uml.visual.demo,SampleClass,makePresentation,Magic Number
argouml,uci.uml.visual.demo,SampleClass,makePresentation,Magic Number
argouml,uci.uml.visual.demo,SampleClass,makePresentation,Magic Number
argouml,uci.uml.visual.demo,SampleClass,makePresentation,Magic Number
argouml,uci.uml.visual.demo,SampleClass,makePresentation,Magic Number
argouml,uci.uml.visual.demo,SampleClass,makePresentation,Magic Number
argouml,uci.uml.visual.demo,SampleClass,makePresentation,Magic Number
argouml,uci.uml.visual.demo,SampleClass,makePresentation,Magic Number
argouml,uci.uml.visual.demo,SampleClass,makePresentation,Magic Number
argouml,uci.uml.visual.demo,SampleClass,makePresentation,Magic Number
argouml,uci.uml.visual.demo,SampleClass,makePresentation,Magic Number
argouml,uci.uml.visual.demo,SampleClass,makePresentation,Magic Number
argouml,uci.uml.visual.demo,SampleClass,makePresentation,Magic Number
argouml,uci.uml.visual.demo,SampleClass,makePresentation,Magic Number
argouml,uci.uml.visual.demo,SampleClass,makePresentation,Magic Number
argouml,uci.uml.visual.demo,SampleClass,makePresentation,Magic Number
argouml,uci.uml.visual.demo,SampleClass,makePresentation,Magic Number
argouml,uci.uml.visual.demo,SampleClass,makePresentation,Magic Number
argouml,uci.uml.visual.demo,SampleClass,makePresentation,Magic Number
argouml,uci.uml.visual.demo,SamplePalette,SamplePalette,Magic Number
argouml,uci.util,Progress,percentComplete,Magic Number
argouml,uci.util,Progress,build,Magic Number
argouml,uci.util,Progress,build,Magic Number
argouml,uci.util,Progress,build,Magic Number
argouml,uci.util,Progress,build,Magic Number
argouml,uci.util,Progress,build,Magic Number
argouml,uci.util,Progress,paintBar,Magic Number
argouml,uci.util,Progress,paintBar,Magic Number
argouml,uci.util,Progress,paintBar,Magic Number
argouml,uci.util,Progress,paintBar,Magic Number
argouml,uci.util,Progress,paintBar,Magic Number
argouml,uci.util,Progress,paintBar,Magic Number
argouml,uci.util,Progress,paintBar,Magic Number
argouml,uci.util,Progress,paintBar,Magic Number
argouml,uci.util,Progress,paintBar,Magic Number
argouml,uci.util,Progress,paintBar,Magic Number
argouml,uci.util,Progress,main,Empty catch clause
argouml,uci.util,Progress,main,Magic Number
argouml,uci.util,Progress,main,Magic Number
argouml,uci.util,Progress,main,Magic Number
