Project Name,Package Name,Type Name,Code Smell
xerces2-j,(default package),DesignDoc,Unutilized Abstraction
xerces2-j,(default package),DesignDoc,Deficient Encapsulation
xerces2-j,(default package),DesignDoc,Insufficient Modularization
xerces2-j,(default package),IndentingWriter,Unutilized Abstraction
xerces2-j,(default package),Stylesheet,Unutilized Abstraction
xerces2-j,dom,DOMGenerate,Unutilized Abstraction
xerces2-j,dom,DocumentInfo,Unutilized Abstraction
xerces2-j,dom,DTest,Deficient Encapsulation
xerces2-j,dom,DTest,Insufficient Modularization
xerces2-j,dom.traversal,Errors,Unutilized Abstraction
xerces2-j,dom.traversal,Errors,Unutilized Abstraction
xerces2-j,dom.wrappers,Xerces,Unutilized Abstraction
xerces2-j,sax,DocumentTracer,Insufficient Modularization
xerces2-j,sax,Writer,Insufficient Modularization
xerces2-j,sax.helpers,AttributesImpl,Deficient Encapsulation
xerces2-j,sax.helpers,AttributesImpl,Insufficient Modularization
xerces2-j,sax.helpers,ListNode,Deficient Encapsulation
xerces2-j,socket,DelayedInputStream,Unutilized Abstraction
xerces2-j,socket,KeepSocketOpen,Unutilized Abstraction
xerces2-j,socket,InputStreamReporter,Unutilized Abstraction
xerces2-j,socket.io,WrappedOutputStream,Deficient Encapsulation
xerces2-j,ui,Model,Unutilized Abstraction
xerces2-j,ui,DOMTreeFull,Deficient Encapsulation
xerces2-j,ui,Model,Unutilized Abstraction
xerces2-j,ui,TreeView,Insufficient Modularization
xerces2-j,ui,XMLTreeCellRenderer,Unutilized Abstraction
xerces2-j,ui,FileNameInput,Unutilized Abstraction
xerces2-j,ui,ErrorStorer,Unutilized Abstraction
xerces2-j,ui,ParseError,Unutilized Abstraction
xerces2-j,ui,TreeViewer,Unutilized Abstraction
xerces2-j,xni,DocumentTracer,Insufficient Modularization
xerces2-j,xni,PassThroughFilter,Unutilized Abstraction
xerces2-j,xni,UpperCaseFilter,Unutilized Abstraction
xerces2-j,xni,Writer,Insufficient Modularization
xerces2-j,xni.parser,AbstractConfiguration,Unutilized Abstraction
xerces2-j,xni.parser,CSVConfiguration,Unutilized Abstraction
xerces2-j,xni.parser,CSVParser,Unutilized Abstraction
xerces2-j,xni.parser,NonValidatingParserConfiguration,Unutilized Abstraction
xerces2-j,javax.xml.parsers,DocumentBuilder,Unutilized Abstraction
xerces2-j,javax.xml.parsers,FactoryConfigurationError,Unutilized Abstraction
xerces2-j,javax.xml.parsers,ParserConfigurationException,Unutilized Abstraction
xerces2-j,org.apache.html.dom,HTMLAnchorElementImpl,Unutilized Abstraction
xerces2-j,org.apache.html.dom,HTMLAnchorElementImpl,Broken Hierarchy
xerces2-j,org.apache.html.dom,HTMLAnchorElementImpl,Insufficient Modularization
xerces2-j,org.apache.html.dom,HTMLAppletElementImpl,Unutilized Abstraction
xerces2-j,org.apache.html.dom,HTMLAppletElementImpl,Broken Hierarchy
xerces2-j,org.apache.html.dom,HTMLAppletElementImpl,Insufficient Modularization
xerces2-j,org.apache.html.dom,HTMLAreaElementImpl,Unutilized Abstraction
xerces2-j,org.apache.html.dom,HTMLAreaElementImpl,Broken Hierarchy
xerces2-j,org.apache.html.dom,HTMLBaseElementImpl,Unutilized Abstraction
xerces2-j,org.apache.html.dom,HTMLBaseElementImpl,Broken Hierarchy
xerces2-j,org.apache.html.dom,HTMLBaseFontElementImpl,Unutilized Abstraction
xerces2-j,org.apache.html.dom,HTMLBaseFontElementImpl,Broken Hierarchy
xerces2-j,org.apache.html.dom,HTMLBodyElementImpl,Unutilized Abstraction
xerces2-j,org.apache.html.dom,HTMLBodyElementImpl,Broken Hierarchy
xerces2-j,org.apache.html.dom,HTMLBRElementImpl,Unutilized Abstraction
xerces2-j,org.apache.html.dom,HTMLBRElementImpl,Broken Hierarchy
xerces2-j,org.apache.html.dom,HTMLBuilder,Unutilized Abstraction
xerces2-j,org.apache.html.dom,HTMLButtonElementImpl,Unutilized Abstraction
xerces2-j,org.apache.html.dom,HTMLButtonElementImpl,Broken Hierarchy
xerces2-j,org.apache.html.dom,CollectionIndex,Unutilized Abstraction
xerces2-j,org.apache.html.dom,HTMLDirectoryElementImpl,Unutilized Abstraction
xerces2-j,org.apache.html.dom,HTMLDirectoryElementImpl,Broken Hierarchy
xerces2-j,org.apache.html.dom,HTMLDivElementImpl,Unutilized Abstraction
xerces2-j,org.apache.html.dom,HTMLDivElementImpl,Broken Hierarchy
xerces2-j,org.apache.html.dom,HTMLDListElementImpl,Unutilized Abstraction
xerces2-j,org.apache.html.dom,HTMLDListElementImpl,Broken Hierarchy
xerces2-j,org.apache.html.dom,HTMLDocumentImpl,Insufficient Modularization
xerces2-j,org.apache.html.dom,HTMLDOMImplementationImpl,Unutilized Abstraction
xerces2-j,org.apache.html.dom,HTMLElementImpl,Unutilized Abstraction
xerces2-j,org.apache.html.dom,HTMLElementImpl,Wide Hierarchy
xerces2-j,org.apache.html.dom,HTMLFieldSetElementImpl,Unutilized Abstraction
xerces2-j,org.apache.html.dom,HTMLFieldSetElementImpl,Broken Hierarchy
xerces2-j,org.apache.html.dom,HTMLFontElementImpl,Unutilized Abstraction
xerces2-j,org.apache.html.dom,HTMLFontElementImpl,Broken Hierarchy
xerces2-j,org.apache.html.dom,HTMLFormControl,Unnecessary Abstraction
xerces2-j,org.apache.html.dom,HTMLFormControl,Unutilized Abstraction
xerces2-j,org.apache.html.dom,HTMLFormElementImpl,Unutilized Abstraction
xerces2-j,org.apache.html.dom,HTMLFormElementImpl,Broken Hierarchy
xerces2-j,org.apache.html.dom,HTMLFrameElementImpl,Unutilized Abstraction
xerces2-j,org.apache.html.dom,HTMLFrameElementImpl,Broken Hierarchy
xerces2-j,org.apache.html.dom,HTMLFrameSetElementImpl,Unutilized Abstraction
xerces2-j,org.apache.html.dom,HTMLFrameSetElementImpl,Broken Hierarchy
xerces2-j,org.apache.html.dom,HTMLHeadElementImpl,Unutilized Abstraction
xerces2-j,org.apache.html.dom,HTMLHeadElementImpl,Broken Hierarchy
xerces2-j,org.apache.html.dom,HTMLHeadingElementImpl,Unutilized Abstraction
xerces2-j,org.apache.html.dom,HTMLHeadingElementImpl,Broken Hierarchy
xerces2-j,org.apache.html.dom,HTMLHRElementImpl,Unutilized Abstraction
xerces2-j,org.apache.html.dom,HTMLHRElementImpl,Broken Hierarchy
xerces2-j,org.apache.html.dom,HTMLHtmlElementImpl,Unutilized Abstraction
xerces2-j,org.apache.html.dom,HTMLHtmlElementImpl,Broken Hierarchy
xerces2-j,org.apache.html.dom,HTMLIFrameElementImpl,Unutilized Abstraction
xerces2-j,org.apache.html.dom,HTMLIFrameElementImpl,Broken Hierarchy
xerces2-j,org.apache.html.dom,HTMLIFrameElementImpl,Insufficient Modularization
xerces2-j,org.apache.html.dom,HTMLImageElementImpl,Unutilized Abstraction
xerces2-j,org.apache.html.dom,HTMLImageElementImpl,Broken Hierarchy
xerces2-j,org.apache.html.dom,HTMLImageElementImpl,Insufficient Modularization
xerces2-j,org.apache.html.dom,HTMLInputElementImpl,Unutilized Abstraction
xerces2-j,org.apache.html.dom,HTMLInputElementImpl,Broken Hierarchy
xerces2-j,org.apache.html.dom,HTMLInputElementImpl,Insufficient Modularization
xerces2-j,org.apache.html.dom,HTMLIsIndexElementImpl,Unutilized Abstraction
xerces2-j,org.apache.html.dom,HTMLIsIndexElementImpl,Broken Hierarchy
xerces2-j,org.apache.html.dom,HTMLLabelElementImpl,Unutilized Abstraction
xerces2-j,org.apache.html.dom,HTMLLabelElementImpl,Broken Hierarchy
xerces2-j,org.apache.html.dom,HTMLLegendElementImpl,Unutilized Abstraction
xerces2-j,org.apache.html.dom,HTMLLegendElementImpl,Broken Hierarchy
xerces2-j,org.apache.html.dom,HTMLLIElementImpl,Unutilized Abstraction
xerces2-j,org.apache.html.dom,HTMLLIElementImpl,Broken Hierarchy
xerces2-j,org.apache.html.dom,HTMLLinkElementImpl,Unutilized Abstraction
xerces2-j,org.apache.html.dom,HTMLLinkElementImpl,Broken Hierarchy
xerces2-j,org.apache.html.dom,HTMLMapElementImpl,Unutilized Abstraction
xerces2-j,org.apache.html.dom,HTMLMapElementImpl,Broken Hierarchy
xerces2-j,org.apache.html.dom,HTMLMenuElementImpl,Unutilized Abstraction
xerces2-j,org.apache.html.dom,HTMLMenuElementImpl,Broken Hierarchy
xerces2-j,org.apache.html.dom,HTMLMetaElementImpl,Unutilized Abstraction
xerces2-j,org.apache.html.dom,HTMLMetaElementImpl,Broken Hierarchy
xerces2-j,org.apache.html.dom,HTMLModElementImpl,Unutilized Abstraction
xerces2-j,org.apache.html.dom,HTMLModElementImpl,Broken Hierarchy
xerces2-j,org.apache.html.dom,HTMLObjectElementImpl,Unutilized Abstraction
xerces2-j,org.apache.html.dom,HTMLObjectElementImpl,Broken Hierarchy
xerces2-j,org.apache.html.dom,HTMLObjectElementImpl,Insufficient Modularization
xerces2-j,org.apache.html.dom,HTMLOListElementImpl,Unutilized Abstraction
xerces2-j,org.apache.html.dom,HTMLOListElementImpl,Broken Hierarchy
xerces2-j,org.apache.html.dom,HTMLOptGroupElementImpl,Unutilized Abstraction
xerces2-j,org.apache.html.dom,HTMLOptGroupElementImpl,Broken Hierarchy
xerces2-j,org.apache.html.dom,HTMLOptionElementImpl,Unutilized Abstraction
xerces2-j,org.apache.html.dom,HTMLOptionElementImpl,Broken Hierarchy
xerces2-j,org.apache.html.dom,HTMLParagraphElementImpl,Unutilized Abstraction
xerces2-j,org.apache.html.dom,HTMLParagraphElementImpl,Broken Hierarchy
xerces2-j,org.apache.html.dom,HTMLParamElementImpl,Unutilized Abstraction
xerces2-j,org.apache.html.dom,HTMLParamElementImpl,Broken Hierarchy
xerces2-j,org.apache.html.dom,HTMLPreElementImpl,Unutilized Abstraction
xerces2-j,org.apache.html.dom,HTMLPreElementImpl,Broken Hierarchy
xerces2-j,org.apache.html.dom,HTMLQuoteElementImpl,Unutilized Abstraction
xerces2-j,org.apache.html.dom,HTMLQuoteElementImpl,Broken Hierarchy
xerces2-j,org.apache.html.dom,HTMLScriptElementImpl,Unutilized Abstraction
xerces2-j,org.apache.html.dom,HTMLScriptElementImpl,Broken Hierarchy
xerces2-j,org.apache.html.dom,HTMLSelectElementImpl,Unutilized Abstraction
xerces2-j,org.apache.html.dom,HTMLSelectElementImpl,Broken Hierarchy
xerces2-j,org.apache.html.dom,HTMLSelectElementImpl,Insufficient Modularization
xerces2-j,org.apache.html.dom,HTMLStyleElementImpl,Unutilized Abstraction
xerces2-j,org.apache.html.dom,HTMLStyleElementImpl,Broken Hierarchy
xerces2-j,org.apache.html.dom,HTMLTableCaptionElementImpl,Unutilized Abstraction
xerces2-j,org.apache.html.dom,HTMLTableCaptionElementImpl,Broken Hierarchy
xerces2-j,org.apache.html.dom,HTMLTableCellElementImpl,Unutilized Abstraction
xerces2-j,org.apache.html.dom,HTMLTableCellElementImpl,Broken Hierarchy
xerces2-j,org.apache.html.dom,HTMLTableCellElementImpl,Insufficient Modularization
xerces2-j,org.apache.html.dom,HTMLTableColElementImpl,Unutilized Abstraction
xerces2-j,org.apache.html.dom,HTMLTableColElementImpl,Broken Hierarchy
xerces2-j,org.apache.html.dom,HTMLTableElementImpl,Unutilized Abstraction
xerces2-j,org.apache.html.dom,HTMLTableElementImpl,Broken Hierarchy
xerces2-j,org.apache.html.dom,HTMLTableElementImpl,Insufficient Modularization
xerces2-j,org.apache.html.dom,HTMLTableRowElementImpl,Unutilized Abstraction
xerces2-j,org.apache.html.dom,HTMLTableRowElementImpl,Broken Hierarchy
xerces2-j,org.apache.html.dom,HTMLTableSectionElementImpl,Unutilized Abstraction
xerces2-j,org.apache.html.dom,HTMLTableSectionElementImpl,Broken Hierarchy
xerces2-j,org.apache.html.dom,HTMLTextAreaElementImpl,Unutilized Abstraction
xerces2-j,org.apache.html.dom,HTMLTextAreaElementImpl,Broken Hierarchy
xerces2-j,org.apache.html.dom,HTMLTextAreaElementImpl,Insufficient Modularization
xerces2-j,org.apache.html.dom,HTMLTitleElementImpl,Unutilized Abstraction
xerces2-j,org.apache.html.dom,HTMLTitleElementImpl,Broken Hierarchy
xerces2-j,org.apache.html.dom,HTMLUListElementImpl,Unutilized Abstraction
xerces2-j,org.apache.html.dom,HTMLUListElementImpl,Broken Hierarchy
xerces2-j,org.apache.html.dom,NameNodeListImpl,Unutilized Abstraction
xerces2-j,org.apache.wml.dom,WMLAccessElementImpl,Unutilized Abstraction
xerces2-j,org.apache.wml.dom,WMLAElementImpl,Unutilized Abstraction
xerces2-j,org.apache.wml.dom,WMLAnchorElementImpl,Unutilized Abstraction
xerces2-j,org.apache.wml.dom,WMLBElementImpl,Unutilized Abstraction
xerces2-j,org.apache.wml.dom,WMLBigElementImpl,Unutilized Abstraction
xerces2-j,org.apache.wml.dom,WMLBrElementImpl,Unutilized Abstraction
xerces2-j,org.apache.wml.dom,WMLCardElementImpl,Unutilized Abstraction
xerces2-j,org.apache.wml.dom,WMLDoElementImpl,Unutilized Abstraction
xerces2-j,org.apache.wml.dom,WMLDOMImplementationImpl,Unutilized Abstraction
xerces2-j,org.apache.wml.dom,WMLElementImpl,Unutilized Abstraction
xerces2-j,org.apache.wml.dom,WMLElementImpl,Wide Hierarchy
xerces2-j,org.apache.wml.dom,WMLEmElementImpl,Unutilized Abstraction
xerces2-j,org.apache.wml.dom,WMLFieldsetElementImpl,Unutilized Abstraction
xerces2-j,org.apache.wml.dom,WMLGoElementImpl,Unutilized Abstraction
xerces2-j,org.apache.wml.dom,WMLHeadElementImpl,Unutilized Abstraction
xerces2-j,org.apache.wml.dom,WMLIElementImpl,Unutilized Abstraction
xerces2-j,org.apache.wml.dom,WMLImgElementImpl,Unutilized Abstraction
xerces2-j,org.apache.wml.dom,WMLImgElementImpl,Insufficient Modularization
xerces2-j,org.apache.wml.dom,WMLInputElementImpl,Unutilized Abstraction
xerces2-j,org.apache.wml.dom,WMLInputElementImpl,Insufficient Modularization
xerces2-j,org.apache.wml.dom,WMLMetaElementImpl,Unutilized Abstraction
xerces2-j,org.apache.wml.dom,WMLNoopElementImpl,Unutilized Abstraction
xerces2-j,org.apache.wml.dom,WMLOneventElementImpl,Unutilized Abstraction
xerces2-j,org.apache.wml.dom,WMLOptgroupElementImpl,Unutilized Abstraction
xerces2-j,org.apache.wml.dom,WMLOptionElementImpl,Unutilized Abstraction
xerces2-j,org.apache.wml.dom,WMLPElementImpl,Unutilized Abstraction
xerces2-j,org.apache.wml.dom,WMLPostfieldElementImpl,Unutilized Abstraction
xerces2-j,org.apache.wml.dom,WMLPrevElementImpl,Unutilized Abstraction
xerces2-j,org.apache.wml.dom,WMLRefreshElementImpl,Unutilized Abstraction
xerces2-j,org.apache.wml.dom,WMLSelectElementImpl,Unutilized Abstraction
xerces2-j,org.apache.wml.dom,WMLSelectElementImpl,Insufficient Modularization
xerces2-j,org.apache.wml.dom,WMLSetvarElementImpl,Unutilized Abstraction
xerces2-j,org.apache.wml.dom,WMLSmallElementImpl,Unutilized Abstraction
xerces2-j,org.apache.wml.dom,WMLStrongElementImpl,Unutilized Abstraction
xerces2-j,org.apache.wml.dom,WMLTableElementImpl,Unutilized Abstraction
xerces2-j,org.apache.wml.dom,WMLTdElementImpl,Unutilized Abstraction
xerces2-j,org.apache.wml.dom,WMLTemplateElementImpl,Unutilized Abstraction
xerces2-j,org.apache.wml.dom,WMLTimerElementImpl,Unutilized Abstraction
xerces2-j,org.apache.wml.dom,WMLTrElementImpl,Unutilized Abstraction
xerces2-j,org.apache.wml.dom,WMLUElementImpl,Unutilized Abstraction
xerces2-j,org.apache.wml.dom,WMLWmlElementImpl,Unutilized Abstraction
xerces2-j,org.apache.wml,WMLAccessElement,Unutilized Abstraction
xerces2-j,org.apache.wml,WMLAccessElement,Broken Hierarchy
xerces2-j,org.apache.wml,WMLAElement,Unutilized Abstraction
xerces2-j,org.apache.wml,WMLAElement,Rebellious Hierarchy
xerces2-j,org.apache.wml,WMLAnchorElement,Unutilized Abstraction
xerces2-j,org.apache.wml,WMLAnchorElement,Broken Hierarchy
xerces2-j,org.apache.wml,WMLBElement,Unutilized Abstraction
xerces2-j,org.apache.wml,WMLBElement,Broken Hierarchy
xerces2-j,org.apache.wml,WMLBigElement,Unutilized Abstraction
xerces2-j,org.apache.wml,WMLBigElement,Broken Hierarchy
xerces2-j,org.apache.wml,WMLBrElement,Unutilized Abstraction
xerces2-j,org.apache.wml,WMLBrElement,Broken Hierarchy
xerces2-j,org.apache.wml,WMLCardElement,Unutilized Abstraction
xerces2-j,org.apache.wml,WMLCardElement,Broken Hierarchy
xerces2-j,org.apache.wml,WMLDocument,Unnecessary Abstraction
xerces2-j,org.apache.wml,WMLDocument,Unutilized Abstraction
xerces2-j,org.apache.wml,WMLDoElement,Unutilized Abstraction
xerces2-j,org.apache.wml,WMLDoElement,Broken Hierarchy
xerces2-j,org.apache.wml,WMLDOMImplementation,Unnecessary Abstraction
xerces2-j,org.apache.wml,WMLDOMImplementation,Unutilized Abstraction
xerces2-j,org.apache.wml,WMLElement,Unutilized Abstraction
xerces2-j,org.apache.wml,WMLElement,Wide Hierarchy
xerces2-j,org.apache.wml,WMLEmElement,Unutilized Abstraction
xerces2-j,org.apache.wml,WMLEmElement,Broken Hierarchy
xerces2-j,org.apache.wml,WMLFieldsetElement,Unutilized Abstraction
xerces2-j,org.apache.wml,WMLFieldsetElement,Broken Hierarchy
xerces2-j,org.apache.wml,WMLGoElement,Unutilized Abstraction
xerces2-j,org.apache.wml,WMLGoElement,Broken Hierarchy
xerces2-j,org.apache.wml,WMLHeadElement,Unnecessary Abstraction
xerces2-j,org.apache.wml,WMLHeadElement,Unutilized Abstraction
xerces2-j,org.apache.wml,WMLIElement,Unutilized Abstraction
xerces2-j,org.apache.wml,WMLIElement,Broken Hierarchy
xerces2-j,org.apache.wml,WMLImgElement,Unutilized Abstraction
xerces2-j,org.apache.wml,WMLImgElement,Broken Hierarchy
xerces2-j,org.apache.wml,WMLInputElement,Unutilized Abstraction
xerces2-j,org.apache.wml,WMLInputElement,Broken Hierarchy
xerces2-j,org.apache.wml,WMLInputElement,Insufficient Modularization
xerces2-j,org.apache.wml,WMLMetaElement,Unutilized Abstraction
xerces2-j,org.apache.wml,WMLMetaElement,Broken Hierarchy
xerces2-j,org.apache.wml,WMLNoopElement,Unnecessary Abstraction
xerces2-j,org.apache.wml,WMLNoopElement,Unutilized Abstraction
xerces2-j,org.apache.wml,WMLOneventElement,Unutilized Abstraction
xerces2-j,org.apache.wml,WMLOneventElement,Broken Hierarchy
xerces2-j,org.apache.wml,WMLOptgroupElement,Unutilized Abstraction
xerces2-j,org.apache.wml,WMLOptgroupElement,Broken Hierarchy
xerces2-j,org.apache.wml,WMLOptionElement,Unutilized Abstraction
xerces2-j,org.apache.wml,WMLOptionElement,Broken Hierarchy
xerces2-j,org.apache.wml,WMLPElement,Unutilized Abstraction
xerces2-j,org.apache.wml,WMLPElement,Broken Hierarchy
xerces2-j,org.apache.wml,WMLPostfieldElement,Unutilized Abstraction
xerces2-j,org.apache.wml,WMLPostfieldElement,Broken Hierarchy
xerces2-j,org.apache.wml,WMLPrevElement,Unnecessary Abstraction
xerces2-j,org.apache.wml,WMLPrevElement,Unutilized Abstraction
xerces2-j,org.apache.wml,WMLRefreshElement,Unnecessary Abstraction
xerces2-j,org.apache.wml,WMLRefreshElement,Unutilized Abstraction
xerces2-j,org.apache.wml,WMLSelectElement,Unutilized Abstraction
xerces2-j,org.apache.wml,WMLSelectElement,Broken Hierarchy
xerces2-j,org.apache.wml,WMLSetvarElement,Unutilized Abstraction
xerces2-j,org.apache.wml,WMLSetvarElement,Broken Hierarchy
xerces2-j,org.apache.wml,WMLSmallElement,Unutilized Abstraction
xerces2-j,org.apache.wml,WMLSmallElement,Broken Hierarchy
xerces2-j,org.apache.wml,WMLStrongElement,Unutilized Abstraction
xerces2-j,org.apache.wml,WMLStrongElement,Broken Hierarchy
xerces2-j,org.apache.wml,WMLTableElement,Unutilized Abstraction
xerces2-j,org.apache.wml,WMLTableElement,Broken Hierarchy
xerces2-j,org.apache.wml,WMLTdElement,Unutilized Abstraction
xerces2-j,org.apache.wml,WMLTdElement,Broken Hierarchy
xerces2-j,org.apache.wml,WMLTemplateElement,Unutilized Abstraction
xerces2-j,org.apache.wml,WMLTemplateElement,Broken Hierarchy
xerces2-j,org.apache.wml,WMLTimerElement,Unutilized Abstraction
xerces2-j,org.apache.wml,WMLTimerElement,Broken Hierarchy
xerces2-j,org.apache.wml,WMLTrElement,Unnecessary Abstraction
xerces2-j,org.apache.wml,WMLTrElement,Unutilized Abstraction
xerces2-j,org.apache.wml,WMLUElement,Unutilized Abstraction
xerces2-j,org.apache.wml,WMLUElement,Broken Hierarchy
xerces2-j,org.apache.wml,WMLWmlElement,Unutilized Abstraction
xerces2-j,org.apache.wml,WMLWmlElement,Broken Hierarchy
xerces2-j,org.apache.xerces.dom,AttributeMap,Cyclic-Dependent Modularization
xerces2-j,org.apache.xerces.dom,AttrImpl,Cyclic-Dependent Modularization
xerces2-j,org.apache.xerces.dom,AttrImpl,Insufficient Modularization
xerces2-j,org.apache.xerces.dom,AttrNSImpl,Unutilized Abstraction
xerces2-j,org.apache.xerces.dom,AttrNSImpl,Broken Hierarchy
xerces2-j,org.apache.xerces.dom,CDATASectionImpl,Unutilized Abstraction
xerces2-j,org.apache.xerces.dom,CharacterDataImpl,Unutilized Abstraction
xerces2-j,org.apache.xerces.dom,CharacterDataImpl,Broken Hierarchy
xerces2-j,org.apache.xerces.dom,ChildNode,Cyclic-Dependent Modularization
xerces2-j,org.apache.xerces.dom,CommentImpl,Unutilized Abstraction
xerces2-j,org.apache.xerces.dom,CommentImpl,Broken Hierarchy
xerces2-j,org.apache.xerces.dom,CoreDocumentImpl,Cyclic-Dependent Modularization
xerces2-j,org.apache.xerces.dom,CoreDocumentImpl,Insufficient Modularization
xerces2-j,org.apache.xerces.dom,CoreDocumentImpl,Hub-like Modularization
xerces2-j,org.apache.xerces.dom,CoreDOMImplementationImpl,Cyclic-Dependent Modularization
xerces2-j,org.apache.xerces.dom,DeepNodeListImpl,Unutilized Abstraction
xerces2-j,org.apache.xerces.dom,DeferredAttrImpl,Unutilized Abstraction
xerces2-j,org.apache.xerces.dom,DeferredAttrImpl,Broken Hierarchy
xerces2-j,org.apache.xerces.dom,DeferredAttrNSImpl,Unutilized Abstraction
xerces2-j,org.apache.xerces.dom,DeferredAttrNSImpl,Broken Hierarchy
xerces2-j,org.apache.xerces.dom,DeferredCDATASectionImpl,Unutilized Abstraction
xerces2-j,org.apache.xerces.dom,DeferredCDATASectionImpl,Broken Hierarchy
xerces2-j,org.apache.xerces.dom,DeferredCommentImpl,Unutilized Abstraction
xerces2-j,org.apache.xerces.dom,DeferredCommentImpl,Broken Hierarchy
xerces2-j,org.apache.xerces.dom,DeferredDocumentImpl,Broken Hierarchy
xerces2-j,org.apache.xerces.dom,DeferredDocumentImpl,Insufficient Modularization
xerces2-j,org.apache.xerces.dom,RefCount,Unnecessary Abstraction
xerces2-j,org.apache.xerces.dom,RefCount,Unutilized Abstraction
xerces2-j,org.apache.xerces.dom,DeferredDocumentTypeImpl,Unutilized Abstraction
xerces2-j,org.apache.xerces.dom,DeferredDocumentTypeImpl,Broken Hierarchy
xerces2-j,org.apache.xerces.dom,DeferredElementDefinitionImpl,Unutilized Abstraction
xerces2-j,org.apache.xerces.dom,DeferredElementDefinitionImpl,Broken Hierarchy
xerces2-j,org.apache.xerces.dom,DeferredElementImpl,Unutilized Abstraction
xerces2-j,org.apache.xerces.dom,DeferredElementImpl,Broken Hierarchy
xerces2-j,org.apache.xerces.dom,DeferredElementNSImpl,Unutilized Abstraction
xerces2-j,org.apache.xerces.dom,DeferredElementNSImpl,Broken Hierarchy
xerces2-j,org.apache.xerces.dom,DeferredEntityImpl,Unutilized Abstraction
xerces2-j,org.apache.xerces.dom,DeferredEntityImpl,Broken Hierarchy
xerces2-j,org.apache.xerces.dom,DeferredEntityReferenceImpl,Unutilized Abstraction
xerces2-j,org.apache.xerces.dom,DeferredEntityReferenceImpl,Broken Hierarchy
xerces2-j,org.apache.xerces.dom,DeferredNode,Wide Hierarchy
xerces2-j,org.apache.xerces.dom,DeferredNotationImpl,Unutilized Abstraction
xerces2-j,org.apache.xerces.dom,DeferredNotationImpl,Broken Hierarchy
xerces2-j,org.apache.xerces.dom,DeferredProcessingInstructionImpl,Unutilized Abstraction
xerces2-j,org.apache.xerces.dom,DeferredProcessingInstructionImpl,Broken Hierarchy
xerces2-j,org.apache.xerces.dom,DeferredTextImpl,Unutilized Abstraction
xerces2-j,org.apache.xerces.dom,DeferredTextImpl,Broken Hierarchy
xerces2-j,org.apache.xerces.dom,DocumentFragmentImpl,Unutilized Abstraction
xerces2-j,org.apache.xerces.dom,DocumentFragmentImpl,Broken Hierarchy
xerces2-j,org.apache.xerces.dom,DocumentImpl,Cyclic-Dependent Modularization
xerces2-j,org.apache.xerces.dom,DocumentImpl,Insufficient Modularization
xerces2-j,org.apache.xerces.dom,LEntry,Unutilized Abstraction
xerces2-j,org.apache.xerces.dom,EnclosingAttr,Unnecessary Abstraction
xerces2-j,org.apache.xerces.dom,EnclosingAttr,Unutilized Abstraction
xerces2-j,org.apache.xerces.dom,DocumentTypeImpl,Cyclic-Dependent Modularization
xerces2-j,org.apache.xerces.dom,DOMImplementationImpl,Cyclic-Dependent Modularization
xerces2-j,org.apache.xerces.dom,ElementDefinitionImpl,Cyclic-Dependent Modularization
xerces2-j,org.apache.xerces.dom,ElementImpl,Cyclic-Dependent Modularization
xerces2-j,org.apache.xerces.dom,ElementImpl,Insufficient Modularization
xerces2-j,org.apache.xerces.dom,ElementNSImpl,Unutilized Abstraction
xerces2-j,org.apache.xerces.dom,ElementNSImpl,Broken Hierarchy
xerces2-j,org.apache.xerces.dom,EntityImpl,Cyclic-Dependent Modularization
xerces2-j,org.apache.xerces.dom,EntityReferenceImpl,Unutilized Abstraction
xerces2-j,org.apache.xerces.dom,LCount,Deficient Encapsulation
xerces2-j,org.apache.xerces.dom,NamedNodeMapImpl,Cyclic-Dependent Modularization
xerces2-j,org.apache.xerces.dom,NodeImpl,Deficient Encapsulation
xerces2-j,org.apache.xerces.dom,NodeImpl,Cyclic-Dependent Modularization
xerces2-j,org.apache.xerces.dom,NodeImpl,Insufficient Modularization
xerces2-j,org.apache.xerces.dom,NodeIteratorImpl,Unutilized Abstraction
xerces2-j,org.apache.xerces.dom,NodeListCache,Cyclic-Dependent Modularization
xerces2-j,org.apache.xerces.dom,NotationImpl,Cyclic-Dependent Modularization
xerces2-j,org.apache.xerces.dom,ParentNode,Cyclic-Dependent Modularization
xerces2-j,org.apache.xerces.dom,ParentNode,Insufficient Modularization
xerces2-j,org.apache.xerces.dom,ProcessingInstructionImpl,Unutilized Abstraction
xerces2-j,org.apache.xerces.dom,RangeExceptionImpl,Unutilized Abstraction
xerces2-j,org.apache.xerces.dom,RangeImpl,Unutilized Abstraction
xerces2-j,org.apache.xerces.dom,RangeImpl,Insufficient Modularization
xerces2-j,org.apache.xerces.dom,TextImpl,Unutilized Abstraction
xerces2-j,org.apache.xerces.dom,TextImpl,Broken Hierarchy
xerces2-j,org.apache.xerces.dom,TextImpl,Cyclic-Dependent Modularization
xerces2-j,org.apache.xerces.dom,TreeWalkerImpl,Unutilized Abstraction
xerces2-j,org.apache.xerces.dom.events,EventImpl,Deficient Encapsulation
xerces2-j,org.apache.xerces.dom.events,MutationEventImpl,Deficient Encapsulation
xerces2-j,org.apache.xerces.dom.events,MutationEventImpl,Broken Hierarchy
xerces2-j,org.apache.xerces.impl,Constants,Deficient Encapsulation
xerces2-j,org.apache.xerces.impl,ArrayEnumeration,Unutilized Abstraction
xerces2-j,org.apache.xerces.impl,Version,Unutilized Abstraction
xerces2-j,org.apache.xerces.impl,Version,Deficient Encapsulation
xerces2-j,org.apache.xerces.impl,XMLDocumentFragmentScannerImpl,Unutilized Abstraction
xerces2-j,org.apache.xerces.impl,XMLDocumentFragmentScannerImpl,Insufficient Modularization
xerces2-j,org.apache.xerces.impl,FragmentContentDispatcher,Imperative Abstraction
xerces2-j,org.apache.xerces.impl,FragmentContentDispatcher,Unutilized Abstraction
xerces2-j,org.apache.xerces.impl,XMLDocumentScannerImpl,Unutilized Abstraction
xerces2-j,org.apache.xerces.impl,XMLDeclDispatcher,Unutilized Abstraction
xerces2-j,org.apache.xerces.impl,PrologDispatcher,Imperative Abstraction
xerces2-j,org.apache.xerces.impl,PrologDispatcher,Unutilized Abstraction
xerces2-j,org.apache.xerces.impl,DTDDispatcher,Imperative Abstraction
xerces2-j,org.apache.xerces.impl,DTDDispatcher,Unutilized Abstraction
xerces2-j,org.apache.xerces.impl,ContentDispatcher,Unutilized Abstraction
xerces2-j,org.apache.xerces.impl,TrailingMiscDispatcher,Imperative Abstraction
xerces2-j,org.apache.xerces.impl,TrailingMiscDispatcher,Unutilized Abstraction
xerces2-j,org.apache.xerces.impl,XMLDTDScannerImpl,Insufficient Modularization
xerces2-j,org.apache.xerces.impl,XMLDTDValidator,Insufficient Modularization
xerces2-j,org.apache.xerces.impl,XMLEntityManager,Deficient Encapsulation
xerces2-j,org.apache.xerces.impl,XMLEntityManager,Insufficient Modularization
xerces2-j,org.apache.xerces.impl,Entity,Deficient Encapsulation
xerces2-j,org.apache.xerces.impl,InternalEntity,Deficient Encapsulation
xerces2-j,org.apache.xerces.impl,ExternalEntity,Deficient Encapsulation
xerces2-j,org.apache.xerces.impl,ScannedEntity,Deficient Encapsulation
xerces2-j,org.apache.xerces.impl,EntityScanner,Unutilized Abstraction
xerces2-j,org.apache.xerces.impl,EntityScanner,Insufficient Modularization
xerces2-j,org.apache.xerces.impl,OneCharReader,Unutilized Abstraction
xerces2-j,org.apache.xerces.impl,XMLErrorReporter,Deficient Encapsulation
xerces2-j,org.apache.xerces.impl,XMLNamespaceBinder,Insufficient Modularization
xerces2-j,org.apache.xerces.impl,XMLScanner,Unutilized Abstraction
xerces2-j,org.apache.xerces.impl,XMLScanner,Insufficient Modularization
xerces2-j,org.apache.xerces.impl.io,ASCIIReader,Unutilized Abstraction
xerces2-j,org.apache.xerces.impl.io,ASCIIReader,Deficient Encapsulation
xerces2-j,org.apache.xerces.impl.io,UTF8Reader,Unutilized Abstraction
xerces2-j,org.apache.xerces.impl.io,UTF8Reader,Deficient Encapsulation
xerces2-j,org.apache.xerces.impl.msg,DatatypeMessages,Unutilized Abstraction
xerces2-j,org.apache.xerces.impl.msg,DatatypeMessages,Deficient Encapsulation
xerces2-j,org.apache.xerces.impl.msg,ExceptionMessages,Unutilized Abstraction
xerces2-j,org.apache.xerces.impl.msg,ExceptionMessages,Deficient Encapsulation
xerces2-j,org.apache.xerces.impl.msg,ExceptionMessagesLocalizer,Unutilized Abstraction
xerces2-j,org.apache.xerces.impl.msg,ImplementationMessages,Deficient Encapsulation
xerces2-j,org.apache.xerces.impl.msg,SchemaMessages,Unutilized Abstraction
xerces2-j,org.apache.xerces.impl.msg,SchemaMessages,Deficient Encapsulation
xerces2-j,org.apache.xerces.impl.msg,XMLMessageFormatter,Deficient Encapsulation
xerces2-j,org.apache.xerces.impl.v1,AllContentModel,Cyclic-Dependent Modularization
xerces2-j,org.apache.xerces.impl.v1,CMAny,Unutilized Abstraction
xerces2-j,org.apache.xerces.impl.v1,CMAny,Broken Hierarchy
xerces2-j,org.apache.xerces.impl.v1,CMBinOp,Unutilized Abstraction
xerces2-j,org.apache.xerces.impl.v1,CMBinOp,Broken Hierarchy
xerces2-j,org.apache.xerces.impl.v1,CMException,Unutilized Abstraction
xerces2-j,org.apache.xerces.impl.v1,CMLeaf,Broken Hierarchy
xerces2-j,org.apache.xerces.impl.v1,CMUniOp,Unutilized Abstraction
xerces2-j,org.apache.xerces.impl.v1,CMUniOp,Broken Hierarchy
xerces2-j,org.apache.xerces.impl.v1,ContentLeafNameTypeVector,Deficient Encapsulation
xerces2-j,org.apache.xerces.impl.v1,DFAContentModel,Insufficient Modularization
xerces2-j,org.apache.xerces.impl.v1,ElementWildcard,Cyclic-Dependent Modularization
xerces2-j,org.apache.xerces.impl.v1,Grammar,Deficient Encapsulation
xerces2-j,org.apache.xerces.impl.v1,Grammar,Unexploited Encapsulation
xerces2-j,org.apache.xerces.impl.v1,Grammar,Missing Hierarchy
xerces2-j,org.apache.xerces.impl.v1,Grammar,Cyclic-Dependent Modularization
xerces2-j,org.apache.xerces.impl.v1,Grammar,Insufficient Modularization
xerces2-j,org.apache.xerces.impl.v1,ChildrenList,Unnecessary Abstraction
xerces2-j,org.apache.xerces.impl.v1,ChildrenList,Deficient Encapsulation
xerces2-j,org.apache.xerces.impl.v1,GrammarResolver,Cyclic-Dependent Modularization
xerces2-j,org.apache.xerces.impl.v1,GrammarResolverImpl,Unutilized Abstraction
xerces2-j,org.apache.xerces.impl.v1,InsertableElementsInfo,Deficient Encapsulation
xerces2-j,org.apache.xerces.impl.v1,InsertableElementsInfo,Broken Modularization
xerces2-j,org.apache.xerces.impl.v1,MixedContentModel,Unutilized Abstraction
xerces2-j,org.apache.xerces.impl.v1,SimpleContentModel,Unutilized Abstraction
xerces2-j,org.apache.xerces.impl.v1,SimpleContentModel,Insufficient Modularization
xerces2-j,org.apache.xerces.impl.v1,StandardParserConfiguration,Unutilized Abstraction
xerces2-j,org.apache.xerces.impl.v1,XMLAttributeDecl,Deficient Encapsulation
xerces2-j,org.apache.xerces.impl.v1,XMLContentModel,Cyclic-Dependent Modularization
xerces2-j,org.apache.xerces.impl.v1,XMLContentSpec,Deficient Encapsulation
xerces2-j,org.apache.xerces.impl.v1,XMLContentSpec,Cyclic-Dependent Modularization
xerces2-j,org.apache.xerces.impl.v1,Provider,Cyclic-Dependent Modularization
xerces2-j,org.apache.xerces.impl.v1,XMLElementDecl,Deficient Encapsulation
xerces2-j,org.apache.xerces.impl.v1,XMLValidator,Deficient Encapsulation
xerces2-j,org.apache.xerces.impl.v1,XMLValidator,Insufficient Modularization
xerces2-j,org.apache.xerces.impl.v1,Resolver,Unutilized Abstraction
xerces2-j,org.apache.xerces.impl.v1,ErrorHandler,Unutilized Abstraction
xerces2-j,org.apache.xerces.impl.v1,AttValidatorNOTATION,Unutilized Abstraction
xerces2-j,org.apache.xerces.impl.v1,AttValidatorENUMERATION,Unutilized Abstraction
xerces2-j,org.apache.xerces.impl.v1,UniqueValueStore,Broken Hierarchy
xerces2-j,org.apache.xerces.impl.v1,KeyValueStore,Broken Hierarchy
xerces2-j,org.apache.xerces.impl.v1,OrderedHashtable,Deficient Encapsulation
xerces2-j,org.apache.xerces.impl.v1,Entry,Unnecessary Abstraction
xerces2-j,org.apache.xerces.impl.v1,Entry,Unutilized Abstraction
xerces2-j,org.apache.xerces.impl.v1,Entry,Deficient Encapsulation
xerces2-j,org.apache.xerces.impl.v1.datatype,AbstractDatatypeValidator,Rebellious Hierarchy
xerces2-j,org.apache.xerces.impl.v1.datatype,AbstractNumericFacetValidator,Broken Hierarchy
xerces2-j,org.apache.xerces.impl.v1.datatype,AbstractNumericValidator,Unutilized Abstraction
xerces2-j,org.apache.xerces.impl.v1.datatype,AbstractNumericValidator,Broken Hierarchy
xerces2-j,org.apache.xerces.impl.v1.datatype,AnyURIDatatypeValidator,Unutilized Abstraction
xerces2-j,org.apache.xerces.impl.v1.datatype,AnyURIDatatypeValidator,Broken Hierarchy
xerces2-j,org.apache.xerces.impl.v1.datatype,Base64BinaryDatatypeValidator,Unutilized Abstraction
xerces2-j,org.apache.xerces.impl.v1.datatype,Base64BinaryDatatypeValidator,Broken Hierarchy
xerces2-j,org.apache.xerces.impl.v1.datatype,BooleanDatatypeValidator,Unutilized Abstraction
xerces2-j,org.apache.xerces.impl.v1.datatype,DatatypeMessageProvider,Deficient Encapsulation
xerces2-j,org.apache.xerces.impl.v1.datatype,DatatypeValidator,Deficient Encapsulation
xerces2-j,org.apache.xerces.impl.v1.datatype,DatatypeValidatorFactory,Unutilized Abstraction
xerces2-j,org.apache.xerces.impl.v1.datatype,DatatypeValidatorFactoryImpl,Unutilized Abstraction
xerces2-j,org.apache.xerces.impl.v1.datatype,DateDatatypeValidator,Unutilized Abstraction
xerces2-j,org.apache.xerces.impl.v1.datatype,DateDatatypeValidator,Broken Hierarchy
xerces2-j,org.apache.xerces.impl.v1.datatype,DateTimeDatatypeValidator,Unutilized Abstraction
xerces2-j,org.apache.xerces.impl.v1.datatype,DateTimeDatatypeValidator,Broken Hierarchy
xerces2-j,org.apache.xerces.impl.v1.datatype,DateTimeValidator,Unutilized Abstraction
xerces2-j,org.apache.xerces.impl.v1.datatype,DateTimeValidator,Broken Hierarchy
xerces2-j,org.apache.xerces.impl.v1.datatype,DateTimeValidator,Insufficient Modularization
xerces2-j,org.apache.xerces.impl.v1.datatype,DayDatatypeValidator,Unutilized Abstraction
xerces2-j,org.apache.xerces.impl.v1.datatype,DayDatatypeValidator,Broken Hierarchy
xerces2-j,org.apache.xerces.impl.v1.datatype,DecimalDatatypeValidator,Unutilized Abstraction
xerces2-j,org.apache.xerces.impl.v1.datatype,DecimalDatatypeValidator,Broken Hierarchy
xerces2-j,org.apache.xerces.impl.v1.datatype,DoubleDatatypeValidator,Unutilized Abstraction
xerces2-j,org.apache.xerces.impl.v1.datatype,DoubleDatatypeValidator,Broken Hierarchy
xerces2-j,org.apache.xerces.impl.v1.datatype,DurationDatatypeValidator,Unutilized Abstraction
xerces2-j,org.apache.xerces.impl.v1.datatype,DurationDatatypeValidator,Broken Hierarchy
xerces2-j,org.apache.xerces.impl.v1.datatype,ENTITYDatatypeValidator,Unutilized Abstraction
xerces2-j,org.apache.xerces.impl.v1.datatype,ENTITYDatatypeValidator,Deficient Encapsulation
xerces2-j,org.apache.xerces.impl.v1.datatype,ENTITYState,Deficient Encapsulation
xerces2-j,org.apache.xerces.impl.v1.datatype,FloatDatatypeValidator,Unutilized Abstraction
xerces2-j,org.apache.xerces.impl.v1.datatype,FloatDatatypeValidator,Broken Hierarchy
xerces2-j,org.apache.xerces.impl.v1.datatype,IDDatatypeValidator,Unutilized Abstraction
xerces2-j,org.apache.xerces.impl.v1.datatype,IDREFDatatypeValidator,Deficient Encapsulation
xerces2-j,org.apache.xerces.impl.v1.datatype,InvalidDatatypeFacetException,Unutilized Abstraction
xerces2-j,org.apache.xerces.impl.v1.datatype,InvalidDatatypeFacetException,Broken Hierarchy
xerces2-j,org.apache.xerces.impl.v1.datatype,InvalidDatatypeValueException,Unutilized Abstraction
xerces2-j,org.apache.xerces.impl.v1.datatype,InvalidDatatypeValueException,Broken Hierarchy
xerces2-j,org.apache.xerces.impl.v1.datatype,ListDatatypeValidator,Unexploited Encapsulation
xerces2-j,org.apache.xerces.impl.v1.datatype,ListDatatypeValidator,Missing Hierarchy
xerces2-j,org.apache.xerces.impl.v1.datatype,MonthDatatypeValidator,Unutilized Abstraction
xerces2-j,org.apache.xerces.impl.v1.datatype,MonthDatatypeValidator,Broken Hierarchy
xerces2-j,org.apache.xerces.impl.v1.datatype,MonthDayDatatypeValidator,Unutilized Abstraction
xerces2-j,org.apache.xerces.impl.v1.datatype,MonthDayDatatypeValidator,Broken Hierarchy
xerces2-j,org.apache.xerces.impl.v1.datatype,NOTATIONDatatypeValidator,Unutilized Abstraction
xerces2-j,org.apache.xerces.impl.v1.datatype,NOTATIONDatatypeValidator,Broken Hierarchy
xerces2-j,org.apache.xerces.impl.v1.datatype,QNameDatatypeValidator,Unutilized Abstraction
xerces2-j,org.apache.xerces.impl.v1.datatype,QNameDatatypeValidator,Broken Hierarchy
xerces2-j,org.apache.xerces.impl.v1.datatype,SchemaDateTimeException,Unutilized Abstraction
xerces2-j,org.apache.xerces.impl.v1.datatype,TimeDatatypeValidator,Unutilized Abstraction
xerces2-j,org.apache.xerces.impl.v1.datatype,TimeDatatypeValidator,Broken Hierarchy
xerces2-j,org.apache.xerces.impl.v1.datatype,UnionDatatypeValidator,Unexploited Encapsulation
xerces2-j,org.apache.xerces.impl.v1.datatype,UnionDatatypeValidator,Missing Hierarchy
xerces2-j,org.apache.xerces.impl.v1.datatype,XMLException,Unutilized Abstraction
xerces2-j,org.apache.xerces.impl.v1.datatype,YearDatatypeValidator,Unutilized Abstraction
xerces2-j,org.apache.xerces.impl.v1.datatype,YearDatatypeValidator,Broken Hierarchy
xerces2-j,org.apache.xerces.impl.v1.datatype,YearMonthDatatypeValidator,Unutilized Abstraction
xerces2-j,org.apache.xerces.impl.v1.datatype,YearMonthDatatypeValidator,Broken Hierarchy
xerces2-j,org.apache.xerces.impl.v1.dtd,DTDGrammar,Unutilized Abstraction
xerces2-j,org.apache.xerces.impl.v1.dtd,DTDGrammar,Insufficient Modularization
xerces2-j,org.apache.xerces.impl.v1.msg,DatatypeMessages,Unutilized Abstraction
xerces2-j,org.apache.xerces.impl.v1.msg,DatatypeMessages,Deficient Encapsulation
xerces2-j,org.apache.xerces.impl.v1.msg,ExceptionMessages,Unutilized Abstraction
xerces2-j,org.apache.xerces.impl.v1.msg,ExceptionMessages,Deficient Encapsulation
xerces2-j,org.apache.xerces.impl.v1.msg,ExceptionMessagesLocalizer,Unutilized Abstraction
xerces2-j,org.apache.xerces.impl.v1.msg,Implementation,Unutilized Abstraction
xerces2-j,org.apache.xerces.impl.v1.msg,Implementation,Deficient Encapsulation
xerces2-j,org.apache.xerces.impl.v1.msg,ImplementationMessages,Unutilized Abstraction
xerces2-j,org.apache.xerces.impl.v1.msg,ImplementationMessages,Deficient Encapsulation
xerces2-j,org.apache.xerces.impl.v1.msg,SchemaMessages,Unutilized Abstraction
xerces2-j,org.apache.xerces.impl.v1.msg,SchemaMessages,Deficient Encapsulation
xerces2-j,org.apache.xerces.impl.v1.msg,XML,Unutilized Abstraction
xerces2-j,org.apache.xerces.impl.v1.msg,XML,Deficient Encapsulation
xerces2-j,org.apache.xerces.impl.v1.msg,XMLMessageProvider,Unutilized Abstraction
xerces2-j,org.apache.xerces.impl.v1.msg,XMLMessages,Deficient Encapsulation
xerces2-j,org.apache.xerces.impl.v1.schema,GeneralAttrCheck,Deficient Encapsulation
xerces2-j,org.apache.xerces.impl.v1.schema,OneAttr,Unutilized Abstraction
xerces2-j,org.apache.xerces.impl.v1.schema,OneAttr,Deficient Encapsulation
xerces2-j,org.apache.xerces.impl.v1.schema,OneElement,Unutilized Abstraction
xerces2-j,org.apache.xerces.impl.v1.schema,OneElement,Deficient Encapsulation
xerces2-j,org.apache.xerces.impl.v1.schema,SchemaGrammar,Deficient Encapsulation
xerces2-j,org.apache.xerces.impl.v1.schema,SchemaGrammar,Cyclic-Dependent Modularization
xerces2-j,org.apache.xerces.impl.v1.schema,SchemaGrammar,Insufficient Modularization
xerces2-j,org.apache.xerces.impl.v1.schema,OneSubGroup,Unnecessary Abstraction
xerces2-j,org.apache.xerces.impl.v1.schema,OneSubGroup,Deficient Encapsulation
xerces2-j,org.apache.xerces.impl.v1.schema,OneSubGroup,Cyclic-Dependent Modularization
xerces2-j,org.apache.xerces.impl.v1.schema,SubGroupBlockQName,Unnecessary Abstraction
xerces2-j,org.apache.xerces.impl.v1.schema,SubGroupBlockQName,Deficient Encapsulation
xerces2-j,org.apache.xerces.impl.v1.schema,SubGroupBlockQName,Cyclic-Dependent Modularization
xerces2-j,org.apache.xerces.impl.v1.schema,ComplexTypeInfo,Deficient Encapsulation
xerces2-j,org.apache.xerces.impl.v1.schema,SchemaMessageProvider,Deficient Encapsulation
xerces2-j,org.apache.xerces.impl.v1.schema,SchemaSymbols,Deficient Encapsulation
xerces2-j,org.apache.xerces.impl.v1.schema,SchemaSymbols,Broken Modularization
xerces2-j,org.apache.xerces.impl.v1.schema,SubstitutionGroupComparator,Cyclic-Dependent Modularization
xerces2-j,org.apache.xerces.impl.v1.schema,TraverseSchema,Deficient Encapsulation
xerces2-j,org.apache.xerces.impl.v1.schema,TraverseSchema,Insufficient Modularization
xerces2-j,org.apache.xerces.impl.v1.schema,ComplexTypeRecoverableError,Unutilized Abstraction
xerces2-j,org.apache.xerces.impl.v1.schema,ParticleRecoverableError,Unutilized Abstraction
xerces2-j,org.apache.xerces.impl.v1.schema,GroupInfo,Unnecessary Abstraction
xerces2-j,org.apache.xerces.impl.v1.schema,Resolver,Unutilized Abstraction
xerces2-j,org.apache.xerces.impl.v1.schema,ErrorHandler,Unutilized Abstraction
xerces2-j,org.apache.xerces.impl.v1.schema,IgnoreWhitespaceParser,Unutilized Abstraction
xerces2-j,org.apache.xerces.impl.v1.schema,XUtil,Insufficient Modularization
xerces2-j,org.apache.xerces.impl.v1.schema.identity,Field,Cyclic-Dependent Modularization
xerces2-j,org.apache.xerces.impl.v1.schema.identity,XPath,Cyclic Hierarchy
xerces2-j,org.apache.xerces.impl.v1.schema.identity,XPath,Deep Hierarchy
xerces2-j,org.apache.xerces.impl.v1.schema.identity,Matcher,Unutilized Abstraction
xerces2-j,org.apache.xerces.impl.v1.schema.identity,Matcher,Broken Hierarchy
xerces2-j,org.apache.xerces.impl.v1.schema.identity,FieldActivator,Cyclic-Dependent Modularization
xerces2-j,org.apache.xerces.impl.v1.schema.identity,IdentityConstraint,Deficient Encapsulation
xerces2-j,org.apache.xerces.impl.v1.schema.identity,IdentityConstraint,Cyclic-Dependent Modularization
xerces2-j,org.apache.xerces.impl.v1.schema.identity,Selector,Cyclic-Dependent Modularization
xerces2-j,org.apache.xerces.impl.v1.schema.identity,XPath,Unutilized Abstraction
xerces2-j,org.apache.xerces.impl.v1.schema.identity,Matcher,Unutilized Abstraction
xerces2-j,org.apache.xerces.impl.v1.schema.identity,ValueStore,Cyclic-Dependent Modularization
xerces2-j,org.apache.xerces.impl.v1.schema.identity,XPath,Unutilized Abstraction
xerces2-j,org.apache.xerces.impl.v1.schema.identity,XPath,Deficient Encapsulation
xerces2-j,org.apache.xerces.impl.v1.schema.identity,XPath,Insufficient Modularization
xerces2-j,org.apache.xerces.impl.v1.schema.identity,LocationPath,Deficient Encapsulation
xerces2-j,org.apache.xerces.impl.v1.schema.identity,Step,Deficient Encapsulation
xerces2-j,org.apache.xerces.impl.v1.schema.identity,Axis,Deficient Encapsulation
xerces2-j,org.apache.xerces.impl.v1.schema.identity,NodeTest,Deficient Encapsulation
xerces2-j,org.apache.xerces.impl.v1.schema.identity,Tokens,Deficient Encapsulation
xerces2-j,org.apache.xerces.impl.v1.schema.identity,Scanner,Insufficient Modularization
xerces2-j,org.apache.xerces.impl.v1.schema.identity,XPathException,Unutilized Abstraction
xerces2-j,org.apache.xerces.impl.v1.schema.identity,XPathMatcher,Cyclic-Dependent Modularization
xerces2-j,org.apache.xerces.impl.v1.util,Hash2intTable,Deficient Encapsulation
xerces2-j,org.apache.xerces.impl.v1.util,Bucket,Deficient Encapsulation
xerces2-j,org.apache.xerces.impl.v1.util,Entry,Deficient Encapsulation
xerces2-j,org.apache.xerces.impl.v1.util.regex,Match,Cyclic-Dependent Modularization
xerces2-j,org.apache.xerces.impl.v1.util.regex,Op,Cyclic-Dependent Modularization
xerces2-j,org.apache.xerces.impl.v1.util.regex,Op,Insufficient Modularization
xerces2-j,org.apache.xerces.impl.v1.util.regex,UnionOp,Unutilized Abstraction
xerces2-j,org.apache.xerces.impl.v1.util.regex,RangeOp,Unutilized Abstraction
xerces2-j,org.apache.xerces.impl.v1.util.regex,StringOp,Unutilized Abstraction
xerces2-j,org.apache.xerces.impl.v1.util.regex,ParseException,Unutilized Abstraction
xerces2-j,org.apache.xerces.impl.v1.util.regex,ParserForXMLSchema,Broken Hierarchy
xerces2-j,org.apache.xerces.impl.v1.util.regex,ParserForXMLSchema,Insufficient Modularization
xerces2-j,org.apache.xerces.impl.v1.util.regex,RangeToken,Cyclic-Dependent Modularization
xerces2-j,org.apache.xerces.impl.v1.util.regex,RangeToken,Insufficient Modularization
xerces2-j,org.apache.xerces.impl.v1.util.regex,RegexParser,Cyclic-Dependent Modularization
xerces2-j,org.apache.xerces.impl.v1.util.regex,RegexParser,Insufficient Modularization
xerces2-j,org.apache.xerces.impl.v1.util.regex,RegularExpression,Cyclic-Dependent Modularization
xerces2-j,org.apache.xerces.impl.v1.util.regex,RegularExpression,Insufficient Modularization
xerces2-j,org.apache.xerces.impl.v1.util.regex,Context,Cyclic-Dependent Modularization
xerces2-j,org.apache.xerces.impl.v1.util.regex,REUtil,Cyclic-Dependent Modularization
xerces2-j,org.apache.xerces.impl.v1.util.regex,Token,Cyclic-Dependent Modularization
xerces2-j,org.apache.xerces.impl.v1.util.regex,Token,Insufficient Modularization
xerces2-j,org.apache.xerces.impl.v1.util.regex,StringToken,Unutilized Abstraction
xerces2-j,org.apache.xerces.impl.v1.util.regex,ConcatToken,Unutilized Abstraction
xerces2-j,org.apache.xerces.impl.v1.util.regex,CharToken,Unutilized Abstraction
xerces2-j,org.apache.xerces.impl.v1.util.regex,ClosureToken,Unutilized Abstraction
xerces2-j,org.apache.xerces.impl.v1.util.regex,ParenToken,Unutilized Abstraction
xerces2-j,org.apache.xerces.impl.v1.util.regex,ConditionToken,Unutilized Abstraction
xerces2-j,org.apache.xerces.impl.v1.util.regex,ModifierToken,Unutilized Abstraction
xerces2-j,org.apache.xerces.impl.v1.util.regex,UnionToken,Unutilized Abstraction
xerces2-j,org.apache.xerces.impl.v2,CMBuilder,Cyclic-Dependent Modularization
xerces2-j,org.apache.xerces.impl.v2,SAXParser,Unutilized Abstraction
xerces2-j,org.apache.xerces.impl.v2,SchemaGrammar,Deficient Encapsulation
xerces2-j,org.apache.xerces.impl.v2,SchemaGrammar,Cyclic-Dependent Modularization
xerces2-j,org.apache.xerces.impl.v2,SchemaGrammar,Insufficient Modularization
xerces2-j,org.apache.xerces.impl.v2,SchemaParserConfiguration,Unutilized Abstraction
xerces2-j,org.apache.xerces.impl.v2,SchemaSymbols,Deficient Encapsulation
xerces2-j,org.apache.xerces.impl.v2,SchemaSymbols,Broken Modularization
xerces2-j,org.apache.xerces.impl.v2,SchemaValidator,Insufficient Modularization
xerces2-j,org.apache.xerces.impl.v2,XMLSchemaException,Unutilized Abstraction
xerces2-j,org.apache.xerces.impl.v2,XSAttributeChecker,Deficient Encapsulation
xerces2-j,org.apache.xerces.impl.v2,XSAttributeChecker,Cyclic-Dependent Modularization
xerces2-j,org.apache.xerces.impl.v2,XSAttributeChecker,Insufficient Modularization
xerces2-j,org.apache.xerces.impl.v2,OneAttr,Unutilized Abstraction
xerces2-j,org.apache.xerces.impl.v2,OneAttr,Deficient Encapsulation
xerces2-j,org.apache.xerces.impl.v2,OneElement,Unutilized Abstraction
xerces2-j,org.apache.xerces.impl.v2,OneElement,Deficient Encapsulation
xerces2-j,org.apache.xerces.impl.v2,XSAttributeDecl,Deficient Encapsulation
xerces2-j,org.apache.xerces.impl.v2,XSAttributeUse,Deficient Encapsulation
xerces2-j,org.apache.xerces.impl.v2,XSAttributeUse,Cyclic-Dependent Modularization
xerces2-j,org.apache.xerces.impl.v2,XSComplexTypeDecl,Deficient Encapsulation
xerces2-j,org.apache.xerces.impl.v2,XSComplexTypeDecl,Cyclic-Dependent Modularization
xerces2-j,org.apache.xerces.impl.v2,XSDAbstractIDConstraintTraverser,Unutilized Abstraction
xerces2-j,org.apache.xerces.impl.v2,XSDAbstractIDConstraintTraverser,Broken Hierarchy
xerces2-j,org.apache.xerces.impl.v2,XSDAbstractParticleTraverser,Unutilized Abstraction
xerces2-j,org.apache.xerces.impl.v2,XSDAbstractTraverser,Unutilized Abstraction
xerces2-j,org.apache.xerces.impl.v2,XSDAttributeGroupTraverser,Unutilized Abstraction
xerces2-j,org.apache.xerces.impl.v2,XSDAttributeGroupTraverser,Cyclic-Dependent Modularization
xerces2-j,org.apache.xerces.impl.v2,XSDAttributeTraverser,Unutilized Abstraction
xerces2-j,org.apache.xerces.impl.v2,XSDAttributeTraverser,Broken Hierarchy
xerces2-j,org.apache.xerces.impl.v2,XSDAttributeTraverser,Cyclic-Dependent Modularization
xerces2-j,org.apache.xerces.impl.v2,XSDComplexTypeTraverser,Unutilized Abstraction
xerces2-j,org.apache.xerces.impl.v2,XSDComplexTypeTraverser,Cyclic-Dependent Modularization
xerces2-j,org.apache.xerces.impl.v2,XSDElementTraverser,Unutilized Abstraction
xerces2-j,org.apache.xerces.impl.v2,XSDElementTraverser,Cyclic-Dependent Modularization
xerces2-j,org.apache.xerces.impl.v2,XSDGroupTraverser,Unutilized Abstraction
xerces2-j,org.apache.xerces.impl.v2,XSDGroupTraverser,Cyclic-Dependent Modularization
xerces2-j,org.apache.xerces.impl.v2,XSDHandler,Deficient Encapsulation
xerces2-j,org.apache.xerces.impl.v2,XSDHandler,Cyclic-Dependent Modularization
xerces2-j,org.apache.xerces.impl.v2,XSDHandler,Insufficient Modularization
xerces2-j,org.apache.xerces.impl.v2,DummyResolver,Unutilized Abstraction
xerces2-j,org.apache.xerces.impl.v2,XSDKeyrefTraverser,Unutilized Abstraction
xerces2-j,org.apache.xerces.impl.v2,XSDKeyrefTraverser,Broken Hierarchy
xerces2-j,org.apache.xerces.impl.v2,XSDKeyrefTraverser,Cyclic-Dependent Modularization
xerces2-j,org.apache.xerces.impl.v2,XSDNotationTraverser,Unutilized Abstraction
xerces2-j,org.apache.xerces.impl.v2,XSDNotationTraverser,Cyclic-Dependent Modularization
xerces2-j,org.apache.xerces.impl.v2,XSDocumentInfo,Cyclic-Dependent Modularization
xerces2-j,org.apache.xerces.impl.v2,XSDSimpleTypeTraverser,Unutilized Abstraction
xerces2-j,org.apache.xerces.impl.v2,XSDSimpleTypeTraverser,Cyclic-Dependent Modularization
xerces2-j,org.apache.xerces.impl.v2,XSDUniqueOrKeyTraverser,Unutilized Abstraction
xerces2-j,org.apache.xerces.impl.v2,XSDUniqueOrKeyTraverser,Broken Hierarchy
xerces2-j,org.apache.xerces.impl.v2,XSDUniqueOrKeyTraverser,Cyclic-Dependent Modularization
xerces2-j,org.apache.xerces.impl.v2,XSDWildcardTraverser,Unutilized Abstraction
xerces2-j,org.apache.xerces.impl.v2,XSDWildcardTraverser,Cyclic-Dependent Modularization
xerces2-j,org.apache.xerces.impl.v2,XSElementDecl,Deficient Encapsulation
xerces2-j,org.apache.xerces.impl.v2,XSElementDecl,Cyclic-Dependent Modularization
xerces2-j,org.apache.xerces.impl.v2,XSMessageFormatter,Deficient Encapsulation
xerces2-j,org.apache.xerces.impl.v2,XSParticleDecl,Deficient Encapsulation
xerces2-j,org.apache.xerces.impl.v2,XSSimpleCM,Unutilized Abstraction
xerces2-j,org.apache.xerces.impl.v2,XSSimpleCM,Deficient Encapsulation
xerces2-j,org.apache.xerces.impl.v2,XSType,Deficient Encapsulation
xerces2-j,org.apache.xerces.impl.v2.datatypes,AbstractDatatypeValidator,Multifaceted Abstraction
xerces2-j,org.apache.xerces.impl.v2.datatypes,AbstractDatatypeValidator,Deficient Encapsulation
xerces2-j,org.apache.xerces.impl.v2.datatypes,AbstractDatatypeValidator,Rebellious Hierarchy
xerces2-j,org.apache.xerces.impl.v2.datatypes,AbstractNumericFacetValidator,Broken Hierarchy
xerces2-j,org.apache.xerces.impl.v2.datatypes,AbstractNumericValidator,Unutilized Abstraction
xerces2-j,org.apache.xerces.impl.v2.datatypes,AbstractNumericValidator,Broken Hierarchy
xerces2-j,org.apache.xerces.impl.v2.datatypes,AbstractStringValidator,Deficient Encapsulation
xerces2-j,org.apache.xerces.impl.v2.datatypes,AnySimpleType,Unutilized Abstraction
xerces2-j,org.apache.xerces.impl.v2.datatypes,AnyURIDatatypeValidator,Unutilized Abstraction
xerces2-j,org.apache.xerces.impl.v2.datatypes,AnyURIDatatypeValidator,Broken Hierarchy
xerces2-j,org.apache.xerces.impl.v2.datatypes,Base64BinaryDatatypeValidator,Unutilized Abstraction
xerces2-j,org.apache.xerces.impl.v2.datatypes,Base64BinaryDatatypeValidator,Broken Hierarchy
xerces2-j,org.apache.xerces.impl.v2.datatypes,BooleanDatatypeValidator,Unutilized Abstraction
xerces2-j,org.apache.xerces.impl.v2.datatypes,DatatypeMessageProvider,Deficient Encapsulation
xerces2-j,org.apache.xerces.impl.v2.datatypes,DatatypeValidator,Deficient Encapsulation
xerces2-j,org.apache.xerces.impl.v2.datatypes,DatatypeValidatorFactory,Unutilized Abstraction
xerces2-j,org.apache.xerces.impl.v2.datatypes,DatatypeValidatorFactoryImpl,Unutilized Abstraction
xerces2-j,org.apache.xerces.impl.v2.datatypes,DateDatatypeValidator,Unutilized Abstraction
xerces2-j,org.apache.xerces.impl.v2.datatypes,DateDatatypeValidator,Broken Hierarchy
xerces2-j,org.apache.xerces.impl.v2.datatypes,DateTimeDatatypeValidator,Unutilized Abstraction
xerces2-j,org.apache.xerces.impl.v2.datatypes,DateTimeDatatypeValidator,Broken Hierarchy
xerces2-j,org.apache.xerces.impl.v2.datatypes,DateTimeValidator,Unutilized Abstraction
xerces2-j,org.apache.xerces.impl.v2.datatypes,DateTimeValidator,Broken Hierarchy
xerces2-j,org.apache.xerces.impl.v2.datatypes,DateTimeValidator,Insufficient Modularization
xerces2-j,org.apache.xerces.impl.v2.datatypes,DayDatatypeValidator,Unutilized Abstraction
xerces2-j,org.apache.xerces.impl.v2.datatypes,DayDatatypeValidator,Broken Hierarchy
xerces2-j,org.apache.xerces.impl.v2.datatypes,DecimalDatatypeValidator,Unutilized Abstraction
xerces2-j,org.apache.xerces.impl.v2.datatypes,DecimalDatatypeValidator,Broken Hierarchy
xerces2-j,org.apache.xerces.impl.v2.datatypes,DoubleDatatypeValidator,Unutilized Abstraction
xerces2-j,org.apache.xerces.impl.v2.datatypes,DoubleDatatypeValidator,Broken Hierarchy
xerces2-j,org.apache.xerces.impl.v2.datatypes,DurationDatatypeValidator,Unutilized Abstraction
xerces2-j,org.apache.xerces.impl.v2.datatypes,DurationDatatypeValidator,Broken Hierarchy
xerces2-j,org.apache.xerces.impl.v2.datatypes,FloatDatatypeValidator,Unutilized Abstraction
xerces2-j,org.apache.xerces.impl.v2.datatypes,FloatDatatypeValidator,Broken Hierarchy
xerces2-j,org.apache.xerces.impl.v2.datatypes,IDDatatypeValidator,Unutilized Abstraction
xerces2-j,org.apache.xerces.impl.v2.datatypes,IDREFDatatypeValidator,Unutilized Abstraction
xerces2-j,org.apache.xerces.impl.v2.datatypes,IDREFDatatypeValidator,Deficient Encapsulation
xerces2-j,org.apache.xerces.impl.v2.datatypes,InvalidDatatypeFacetException,Unutilized Abstraction
xerces2-j,org.apache.xerces.impl.v2.datatypes,InvalidDatatypeFacetException,Broken Hierarchy
xerces2-j,org.apache.xerces.impl.v2.datatypes,InvalidDatatypeValueException,Unutilized Abstraction
xerces2-j,org.apache.xerces.impl.v2.datatypes,InvalidDatatypeValueException,Broken Hierarchy
xerces2-j,org.apache.xerces.impl.v2.datatypes,ListDatatypeValidator,Unexploited Encapsulation
xerces2-j,org.apache.xerces.impl.v2.datatypes,ListDatatypeValidator,Missing Hierarchy
xerces2-j,org.apache.xerces.impl.v2.datatypes,MonthDatatypeValidator,Unutilized Abstraction
xerces2-j,org.apache.xerces.impl.v2.datatypes,MonthDatatypeValidator,Broken Hierarchy
xerces2-j,org.apache.xerces.impl.v2.datatypes,MonthDayDatatypeValidator,Unutilized Abstraction
xerces2-j,org.apache.xerces.impl.v2.datatypes,MonthDayDatatypeValidator,Broken Hierarchy
xerces2-j,org.apache.xerces.impl.v2.datatypes,NOTATIONDatatypeValidator,Unutilized Abstraction
xerces2-j,org.apache.xerces.impl.v2.datatypes,NOTATIONDatatypeValidator,Broken Hierarchy
xerces2-j,org.apache.xerces.impl.v2.datatypes,QNameDatatypeValidator,Broken Hierarchy
xerces2-j,org.apache.xerces.impl.v2.datatypes,SchemaDateTimeException,Unutilized Abstraction
xerces2-j,org.apache.xerces.impl.v2.datatypes,TimeDatatypeValidator,Unutilized Abstraction
xerces2-j,org.apache.xerces.impl.v2.datatypes,TimeDatatypeValidator,Broken Hierarchy
xerces2-j,org.apache.xerces.impl.v2.datatypes,UnionDatatypeValidator,Unexploited Encapsulation
xerces2-j,org.apache.xerces.impl.v2.datatypes,UnionDatatypeValidator,Missing Hierarchy
xerces2-j,org.apache.xerces.impl.v2.datatypes,XMLException,Unutilized Abstraction
xerces2-j,org.apache.xerces.impl.v2.datatypes,XSDatatypeException,Unutilized Abstraction
xerces2-j,org.apache.xerces.impl.v2.datatypes,YearDatatypeValidator,Unutilized Abstraction
xerces2-j,org.apache.xerces.impl.v2.datatypes,YearDatatypeValidator,Broken Hierarchy
xerces2-j,org.apache.xerces.impl.v2.datatypes,YearMonthDatatypeValidator,Unutilized Abstraction
xerces2-j,org.apache.xerces.impl.v2.datatypes,YearMonthDatatypeValidator,Broken Hierarchy
xerces2-j,org.apache.xerces.impl.v2.identity,Field,Cyclic-Dependent Modularization
xerces2-j,org.apache.xerces.impl.v2.identity,Matcher,Unutilized Abstraction
xerces2-j,org.apache.xerces.impl.v2.identity,Matcher,Broken Hierarchy
xerces2-j,org.apache.xerces.impl.v2.identity,FieldActivator,Cyclic-Dependent Modularization
xerces2-j,org.apache.xerces.impl.v2.identity,IdentityConstraint,Deficient Encapsulation
xerces2-j,org.apache.xerces.impl.v2.identity,IdentityConstraint,Cyclic-Dependent Modularization
xerces2-j,org.apache.xerces.impl.v2.identity,KeyRef,Unutilized Abstraction
xerces2-j,org.apache.xerces.impl.v2.identity,KeyRef,Broken Hierarchy
xerces2-j,org.apache.xerces.impl.v2.identity,Selector,Cyclic-Dependent Modularization
xerces2-j,org.apache.xerces.impl.v2.identity,XPath,Unutilized Abstraction
xerces2-j,org.apache.xerces.impl.v2.identity,Matcher,Unutilized Abstraction
xerces2-j,org.apache.xerces.impl.v2.identity,UniqueOrKey,Unutilized Abstraction
xerces2-j,org.apache.xerces.impl.v2.identity,UniqueOrKey,Deficient Encapsulation
xerces2-j,org.apache.xerces.impl.v2.identity,UniqueOrKey,Broken Hierarchy
xerces2-j,org.apache.xerces.impl.v2.identity,ValueStore,Cyclic-Dependent Modularization
xerces2-j,org.apache.xerces.impl.v2.identity,XPathMatcher,Cyclic-Dependent Modularization
xerces2-j,org.apache.xerces.impl.v2.msg,DatatypeMessages,Unutilized Abstraction
xerces2-j,org.apache.xerces.impl.v2.msg,DatatypeMessages,Deficient Encapsulation
xerces2-j,org.apache.xerces.impl.v2.msg,ExceptionMessages,Unutilized Abstraction
xerces2-j,org.apache.xerces.impl.v2.msg,ExceptionMessages,Deficient Encapsulation
xerces2-j,org.apache.xerces.impl.v2.msg,ExceptionMessagesLocalizer,Unutilized Abstraction
xerces2-j,org.apache.xerces.impl.v2.msg,ImplementationMessages,Unutilized Abstraction
xerces2-j,org.apache.xerces.impl.v2.msg,ImplementationMessages,Deficient Encapsulation
xerces2-j,org.apache.xerces.impl.v2.msg,SchemaMessages,Unutilized Abstraction
xerces2-j,org.apache.xerces.impl.v2.msg,SchemaMessages,Deficient Encapsulation
xerces2-j,org.apache.xerces.impl.v2.msg,XMLMessages,Unutilized Abstraction
xerces2-j,org.apache.xerces.impl.v2.msg,XMLMessages,Deficient Encapsulation
xerces2-j,org.apache.xerces.impl.v2.xpath,XPath,Deficient Encapsulation
xerces2-j,org.apache.xerces.impl.v2.xpath,XPath,Cyclic-Dependent Modularization
xerces2-j,org.apache.xerces.impl.v2.xpath,XPath,Insufficient Modularization
xerces2-j,org.apache.xerces.impl.v2.xpath,LocationPath,Deficient Encapsulation
xerces2-j,org.apache.xerces.impl.v2.xpath,Step,Deficient Encapsulation
xerces2-j,org.apache.xerces.impl.v2.xpath,Axis,Deficient Encapsulation
xerces2-j,org.apache.xerces.impl.v2.xpath,NodeTest,Deficient Encapsulation
xerces2-j,org.apache.xerces.impl.v2.xpath,Tokens,Deficient Encapsulation
xerces2-j,org.apache.xerces.impl.v2.xpath,Scanner,Cyclic-Dependent Modularization
xerces2-j,org.apache.xerces.impl.v2.xpath,Scanner,Insufficient Modularization
xerces2-j,org.apache.xerces.impl.v2.xpath,XPathException,Unutilized Abstraction
xerces2-j,org.apache.xerces.impl.validation,DatatypeValidator,Deficient Encapsulation
xerces2-j,org.apache.xerces.impl.validation,Grammar,Deficient Encapsulation
xerces2-j,org.apache.xerces.impl.validation,Grammar,Insufficient Modularization
xerces2-j,org.apache.xerces.impl.validation,ChildrenList,Unnecessary Abstraction
xerces2-j,org.apache.xerces.impl.validation,ChildrenList,Deficient Encapsulation
xerces2-j,org.apache.xerces.impl.validation,InvalidDatatypeFacetException,Unutilized Abstraction
xerces2-j,org.apache.xerces.impl.validation,XMLAttributeDecl,Deficient Encapsulation
xerces2-j,org.apache.xerces.impl.validation,XMLContentSpec,Deficient Encapsulation
xerces2-j,org.apache.xerces.impl.validation,XMLContentSpec,Cyclic-Dependent Modularization
xerces2-j,org.apache.xerces.impl.validation,Provider,Cyclic-Dependent Modularization
xerces2-j,org.apache.xerces.impl.validation,XMLElementDecl,Deficient Encapsulation
xerces2-j,org.apache.xerces.impl.validation,XMLEntityDecl,Deficient Encapsulation
xerces2-j,org.apache.xerces.impl.validation,XMLNotationDecl,Deficient Encapsulation
xerces2-j,org.apache.xerces.impl.validation,XMLSimpleType,Deficient Encapsulation
xerces2-j,org.apache.xerces.impl.validation.datatypes,AbstractDatatypeValidator,Unutilized Abstraction
xerces2-j,org.apache.xerces.impl.validation.datatypes,DatatypeMessageProvider,Deficient Encapsulation
xerces2-j,org.apache.xerces.impl.validation.datatypes,ENTITYDatatypeValidator,Unutilized Abstraction
xerces2-j,org.apache.xerces.impl.validation.datatypes,IDDatatypeValidator,Unutilized Abstraction
xerces2-j,org.apache.xerces.impl.validation.datatypes,IDREFDatatypeValidator,Unutilized Abstraction
xerces2-j,org.apache.xerces.impl.validation.datatypes,ListDatatypeValidator,Unutilized Abstraction
xerces2-j,org.apache.xerces.impl.validation.datatypes,NMTOKENDatatypeValidator,Unutilized Abstraction
xerces2-j,org.apache.xerces.impl.validation.datatypes,NOTATIONDatatypeValidator,Unutilized Abstraction
xerces2-j,org.apache.xerces.impl.validation.datatypes,StatefullDatatypeValidator,Unutilized Abstraction
xerces2-j,org.apache.xerces.impl.validation.datatypes,StringDatatypeValidator,Unutilized Abstraction
xerces2-j,org.apache.xerces.impl.validation.grammars,DTDGrammar,Insufficient Modularization
xerces2-j,org.apache.xerces.impl.validation.models,CMAny,Unutilized Abstraction
xerces2-j,org.apache.xerces.impl.validation.models,CMAny,Broken Hierarchy
xerces2-j,org.apache.xerces.impl.validation.models,CMBinOp,Unutilized Abstraction
xerces2-j,org.apache.xerces.impl.validation.models,CMBinOp,Broken Hierarchy
xerces2-j,org.apache.xerces.impl.validation.models,CMLeaf,Broken Hierarchy
xerces2-j,org.apache.xerces.impl.validation.models,CMUniOp,Unutilized Abstraction
xerces2-j,org.apache.xerces.impl.validation.models,CMUniOp,Broken Hierarchy
xerces2-j,org.apache.xerces.impl.validation.models,DFAContentModel,Unutilized Abstraction
xerces2-j,org.apache.xerces.impl.validation.models,MixedContentModel,Unutilized Abstraction
xerces2-j,org.apache.xerces.impl.validation.models,SimpleContentModel,Unutilized Abstraction
xerces2-j,org.apache.xerces.impl.validation.models,SimpleContentModel,Deficient Encapsulation
xerces2-j,org.apache.xerces.jaxp,DefaultValidationErrorHandler,Unutilized Abstraction
xerces2-j,org.apache.xerces.jaxp,DocumentBuilderFactoryImpl,Unutilized Abstraction
xerces2-j,org.apache.xerces.jaxp,DocumentBuilderImpl,Unutilized Abstraction
xerces2-j,org.apache.xerces.jaxp,SAXParserFactoryImpl,Unutilized Abstraction
xerces2-j,org.apache.xerces.parsers,AbstractDOMParser,Unutilized Abstraction
xerces2-j,org.apache.xerces.parsers,AbstractSAXParser,Unutilized Abstraction
xerces2-j,org.apache.xerces.parsers,AbstractSAXParser,Insufficient Modularization
xerces2-j,org.apache.xerces.parsers,LocatorProxy,Unutilized Abstraction
xerces2-j,org.apache.xerces.parsers,AbstractXMLDocumentParser,Unutilized Abstraction
xerces2-j,org.apache.xerces.parsers,AbstractXMLDocumentParser,Broken Hierarchy
xerces2-j,org.apache.xerces.parsers,AbstractXMLDocumentParser,Insufficient Modularization
xerces2-j,org.apache.xerces.parsers,BasicParserConfiguration,Unutilized Abstraction
xerces2-j,org.apache.xerces.parsers,CachingParserPool,Unutilized Abstraction
xerces2-j,org.apache.xerces.parsers,CachingParserPool,Deficient Encapsulation
xerces2-j,org.apache.xerces.parsers,CachingParserPool,Insufficient Modularization
xerces2-j,org.apache.xerces.parsers,SynchronizedSymbolTable,Unutilized Abstraction
xerces2-j,org.apache.xerces.parsers,ShadowedSymbolTable,Unutilized Abstraction
xerces2-j,org.apache.xerces.parsers,SynchronizedGrammarPool,Unutilized Abstraction
xerces2-j,org.apache.xerces.parsers,ShadowedGrammarPool,Unutilized Abstraction
xerces2-j,org.apache.xerces.parsers,DOMParser,Unutilized Abstraction
xerces2-j,org.apache.xerces.parsers,DOMParser,Broken Hierarchy
xerces2-j,org.apache.xerces.parsers,DTDParser,Unutilized Abstraction
xerces2-j,org.apache.xerces.parsers,DTDParser,Broken Hierarchy
xerces2-j,org.apache.xerces.parsers,DTDParser,Insufficient Modularization
xerces2-j,org.apache.xerces.parsers,SAXParser,Unutilized Abstraction
xerces2-j,org.apache.xerces.parsers,SAXParser,Broken Hierarchy
xerces2-j,org.apache.xerces.parsers,StandardParserConfiguration,Unutilized Abstraction
xerces2-j,org.apache.xerces.parsers,XMLDocumentParser,Unutilized Abstraction
xerces2-j,org.apache.xerces.parsers,XMLDocumentParser,Broken Hierarchy
xerces2-j,org.apache.xerces.parsers,XMLGrammarParser,Unutilized Abstraction
xerces2-j,org.apache.xerces.parsers,XMLParser,Unutilized Abstraction
xerces2-j,org.apache.xerces.util,DefaultErrorHandler,Unutilized Abstraction
xerces2-j,org.apache.xerces.util,DOMUtil,Insufficient Modularization
xerces2-j,org.apache.xerces.util,EntityResolverWrapper,Unutilized Abstraction
xerces2-j,org.apache.xerces.util,Context,Unutilized Abstraction
xerces2-j,org.apache.xerces.util,SymbolHash,Deficient Encapsulation
xerces2-j,org.apache.xerces.util,Entry,Deficient Encapsulation
xerces2-j,org.apache.xerces.util,SymbolTable,Deficient Encapsulation
xerces2-j,org.apache.xerces.util,Entry,Unutilized Abstraction
xerces2-j,org.apache.xerces.util,Entry,Deficient Encapsulation
xerces2-j,org.apache.xerces.util,URI,Insufficient Modularization
xerces2-j,org.apache.xerces.util,MalformedURIException,Unutilized Abstraction
xerces2-j,org.apache.xerces.util,XMLAttributesImpl,Deficient Encapsulation
xerces2-j,org.apache.xerces.util,XMLAttributesImpl,Insufficient Modularization
xerces2-j,org.apache.xerces.util,Attribute,Deficient Encapsulation
xerces2-j,org.apache.xerces.util,Attribute,Broken Modularization
xerces2-j,org.apache.xerces.util,XMLChar,Deficient Encapsulation
xerces2-j,org.apache.xerces.util,XMLStringBuffer,Deficient Encapsulation
xerces2-j,org.apache.xerces.xni,NamespaceContext,Deficient Encapsulation
xerces2-j,org.apache.xerces.xni,QName,Deficient Encapsulation
xerces2-j,org.apache.xerces.xni,XMLAttributes,Insufficient Modularization
xerces2-j,org.apache.xerces.xni,XMLDocumentFragmentHandler,Unutilized Abstraction
xerces2-j,org.apache.xerces.xni,XMLDTDContentModelHandler,Deficient Encapsulation
xerces2-j,org.apache.xerces.xni,XMLDTDHandler,Deficient Encapsulation
xerces2-j,org.apache.xerces.xni,XMLString,Deficient Encapsulation
xerces2-j,org.apache.xerces.xni,XNIException,Unutilized Abstraction
xerces2-j,org.apache.xerces.xni.parser,XMLConfigurationException,Deficient Encapsulation
xerces2-j,org.apache.xerces.xni.parser,XMLDocumentScanner,Unutilized Abstraction
xerces2-j,org.apache.xerces.xni.parser,XMLDocumentScanner,Broken Hierarchy
xerces2-j,org.apache.xerces.xni.parser,XMLDocumentSource,Unutilized Abstraction
xerces2-j,org.apache.xerces.xni.parser,XMLDTDContentModelSource,Unutilized Abstraction
xerces2-j,org.apache.xerces.xni.parser,XMLDTDScanner,Unutilized Abstraction
xerces2-j,org.apache.xerces.xni.parser,XMLDTDScanner,Broken Hierarchy
xerces2-j,org.apache.xerces.xni.parser,XMLDTDSource,Unutilized Abstraction
xerces2-j,org.apache.xerces.xni.parser,XMLParserConfiguration,Rebellious Hierarchy
xerces2-j,org.apache.xerces.xni.parser,XMLPullParserConfiguration,Unutilized Abstraction
xerces2-j,org.apache.xml.serialize,BaseMarkupSerializer,Unutilized Abstraction
xerces2-j,org.apache.xml.serialize,BaseMarkupSerializer,Insufficient Modularization
xerces2-j,org.apache.xml.serialize,DOMSerializer,Unutilized Abstraction
xerces2-j,org.apache.xml.serialize,ElementState,Broken Modularization
xerces2-j,org.apache.xml.serialize,HTMLdtd,Deficient Encapsulation
xerces2-j,org.apache.xml.serialize,HTMLSerializer,Unutilized Abstraction
xerces2-j,org.apache.xml.serialize,HTMLSerializer,Deficient Encapsulation
xerces2-j,org.apache.xml.serialize,IndentPrinter,Unutilized Abstraction
xerces2-j,org.apache.xml.serialize,LineSeparator,Unnecessary Abstraction
xerces2-j,org.apache.xml.serialize,LineSeparator,Deficient Encapsulation
xerces2-j,org.apache.xml.serialize,Method,Unnecessary Abstraction
xerces2-j,org.apache.xml.serialize,Method,Deficient Encapsulation
xerces2-j,org.apache.xml.serialize,Method,Broken Modularization
xerces2-j,org.apache.xml.serialize,OutputFormat,Deficient Encapsulation
xerces2-j,org.apache.xml.serialize,OutputFormat,Insufficient Modularization
xerces2-j,org.apache.xml.serialize,DTD,Unnecessary Abstraction
xerces2-j,org.apache.xml.serialize,DTD,Deficient Encapsulation
xerces2-j,org.apache.xml.serialize,Defaults,Unnecessary Abstraction
xerces2-j,org.apache.xml.serialize,Defaults,Deficient Encapsulation
xerces2-j,org.apache.xml.serialize,SerializerFactory,Deficient Encapsulation
xerces2-j,org.apache.xml.serialize,SerializerFactoryImpl,Unutilized Abstraction
xerces2-j,org.apache.xml.serialize,SieveEncodingInfo,Unutilized Abstraction
xerces2-j,org.apache.xml.serialize,TextSerializer,Unutilized Abstraction
xerces2-j,org.apache.xml.serialize,XHTMLSerializer,Unutilized Abstraction
xerces2-j,org.apache.xml.serialize,XMLSerializer,Unutilized Abstraction
xerces2-j,org.w3c.dom,Attr,Broken Hierarchy
xerces2-j,org.w3c.dom,CDATASection,Unnecessary Abstraction
xerces2-j,org.w3c.dom,CharacterData,Broken Hierarchy
xerces2-j,org.w3c.dom,Comment,Unnecessary Abstraction
xerces2-j,org.w3c.dom,Document,Broken Hierarchy
xerces2-j,org.w3c.dom,Document,Insufficient Modularization
xerces2-j,org.w3c.dom,DocumentFragment,Unnecessary Abstraction
xerces2-j,org.w3c.dom,DocumentType,Broken Hierarchy
xerces2-j,org.w3c.dom,DOMException,Deficient Encapsulation
xerces2-j,org.w3c.dom,Element,Broken Hierarchy
xerces2-j,org.w3c.dom,Entity,Broken Hierarchy
xerces2-j,org.w3c.dom,EntityReference,Unnecessary Abstraction
xerces2-j,org.w3c.dom,Node,Deficient Encapsulation
xerces2-j,org.w3c.dom,Node,Insufficient Modularization
xerces2-j,org.w3c.dom,Notation,Broken Hierarchy
xerces2-j,org.w3c.dom,ProcessingInstruction,Broken Hierarchy
xerces2-j,org.w3c.dom,Text,Broken Hierarchy
xerces2-j,org.w3c.dom.events,DocumentEvent,Unutilized Abstraction
xerces2-j,org.w3c.dom.events,Event,Deficient Encapsulation
xerces2-j,org.w3c.dom.events,EventException,Deficient Encapsulation
xerces2-j,org.w3c.dom.events,MutationEvent,Deficient Encapsulation
xerces2-j,org.w3c.dom.events,MutationEvent,Broken Hierarchy
xerces2-j,org.w3c.dom.html,HTMLAnchorElement,Unutilized Abstraction
xerces2-j,org.w3c.dom.html,HTMLAnchorElement,Broken Hierarchy
xerces2-j,org.w3c.dom.html,HTMLAnchorElement,Insufficient Modularization
xerces2-j,org.w3c.dom.html,HTMLAppletElement,Unutilized Abstraction
xerces2-j,org.w3c.dom.html,HTMLAppletElement,Broken Hierarchy
xerces2-j,org.w3c.dom.html,HTMLAppletElement,Insufficient Modularization
xerces2-j,org.w3c.dom.html,HTMLAreaElement,Unutilized Abstraction
xerces2-j,org.w3c.dom.html,HTMLAreaElement,Broken Hierarchy
xerces2-j,org.w3c.dom.html,HTMLBaseElement,Unutilized Abstraction
xerces2-j,org.w3c.dom.html,HTMLBaseElement,Broken Hierarchy
xerces2-j,org.w3c.dom.html,HTMLBaseFontElement,Unutilized Abstraction
xerces2-j,org.w3c.dom.html,HTMLBaseFontElement,Broken Hierarchy
xerces2-j,org.w3c.dom.html,HTMLBodyElement,Unutilized Abstraction
xerces2-j,org.w3c.dom.html,HTMLBodyElement,Broken Hierarchy
xerces2-j,org.w3c.dom.html,HTMLBRElement,Unutilized Abstraction
xerces2-j,org.w3c.dom.html,HTMLBRElement,Broken Hierarchy
xerces2-j,org.w3c.dom.html,HTMLButtonElement,Unutilized Abstraction
xerces2-j,org.w3c.dom.html,HTMLButtonElement,Broken Hierarchy
xerces2-j,org.w3c.dom.html,HTMLCollection,Unutilized Abstraction
xerces2-j,org.w3c.dom.html,HTMLDirectoryElement,Unutilized Abstraction
xerces2-j,org.w3c.dom.html,HTMLDirectoryElement,Broken Hierarchy
xerces2-j,org.w3c.dom.html,HTMLDivElement,Unutilized Abstraction
xerces2-j,org.w3c.dom.html,HTMLDivElement,Broken Hierarchy
xerces2-j,org.w3c.dom.html,HTMLDListElement,Unutilized Abstraction
xerces2-j,org.w3c.dom.html,HTMLDListElement,Broken Hierarchy
xerces2-j,org.w3c.dom.html,HTMLDocument,Unutilized Abstraction
xerces2-j,org.w3c.dom.html,HTMLDOMImplementation,Unutilized Abstraction
xerces2-j,org.w3c.dom.html,HTMLElement,Wide Hierarchy
xerces2-j,org.w3c.dom.html,HTMLFieldSetElement,Unutilized Abstraction
xerces2-j,org.w3c.dom.html,HTMLFieldSetElement,Broken Hierarchy
xerces2-j,org.w3c.dom.html,HTMLFontElement,Unutilized Abstraction
xerces2-j,org.w3c.dom.html,HTMLFontElement,Broken Hierarchy
xerces2-j,org.w3c.dom.html,HTMLFormElement,Unutilized Abstraction
xerces2-j,org.w3c.dom.html,HTMLFormElement,Broken Hierarchy
xerces2-j,org.w3c.dom.html,HTMLFrameElement,Unutilized Abstraction
xerces2-j,org.w3c.dom.html,HTMLFrameElement,Broken Hierarchy
xerces2-j,org.w3c.dom.html,HTMLFrameSetElement,Unutilized Abstraction
xerces2-j,org.w3c.dom.html,HTMLFrameSetElement,Broken Hierarchy
xerces2-j,org.w3c.dom.html,HTMLHeadElement,Unutilized Abstraction
xerces2-j,org.w3c.dom.html,HTMLHeadElement,Broken Hierarchy
xerces2-j,org.w3c.dom.html,HTMLHeadingElement,Unutilized Abstraction
xerces2-j,org.w3c.dom.html,HTMLHeadingElement,Broken Hierarchy
xerces2-j,org.w3c.dom.html,HTMLHRElement,Unutilized Abstraction
xerces2-j,org.w3c.dom.html,HTMLHRElement,Broken Hierarchy
xerces2-j,org.w3c.dom.html,HTMLHtmlElement,Unutilized Abstraction
xerces2-j,org.w3c.dom.html,HTMLHtmlElement,Broken Hierarchy
xerces2-j,org.w3c.dom.html,HTMLIFrameElement,Unutilized Abstraction
xerces2-j,org.w3c.dom.html,HTMLIFrameElement,Broken Hierarchy
xerces2-j,org.w3c.dom.html,HTMLIFrameElement,Insufficient Modularization
xerces2-j,org.w3c.dom.html,HTMLImageElement,Unutilized Abstraction
xerces2-j,org.w3c.dom.html,HTMLImageElement,Broken Hierarchy
xerces2-j,org.w3c.dom.html,HTMLImageElement,Insufficient Modularization
xerces2-j,org.w3c.dom.html,HTMLInputElement,Unutilized Abstraction
xerces2-j,org.w3c.dom.html,HTMLInputElement,Broken Hierarchy
xerces2-j,org.w3c.dom.html,HTMLInputElement,Insufficient Modularization
xerces2-j,org.w3c.dom.html,HTMLIsIndexElement,Unutilized Abstraction
xerces2-j,org.w3c.dom.html,HTMLIsIndexElement,Broken Hierarchy
xerces2-j,org.w3c.dom.html,HTMLLabelElement,Unutilized Abstraction
xerces2-j,org.w3c.dom.html,HTMLLabelElement,Broken Hierarchy
xerces2-j,org.w3c.dom.html,HTMLLegendElement,Unutilized Abstraction
xerces2-j,org.w3c.dom.html,HTMLLegendElement,Broken Hierarchy
xerces2-j,org.w3c.dom.html,HTMLLIElement,Unutilized Abstraction
xerces2-j,org.w3c.dom.html,HTMLLIElement,Broken Hierarchy
xerces2-j,org.w3c.dom.html,HTMLLinkElement,Unutilized Abstraction
xerces2-j,org.w3c.dom.html,HTMLLinkElement,Broken Hierarchy
xerces2-j,org.w3c.dom.html,HTMLMapElement,Unutilized Abstraction
xerces2-j,org.w3c.dom.html,HTMLMapElement,Broken Hierarchy
xerces2-j,org.w3c.dom.html,HTMLMenuElement,Unutilized Abstraction
xerces2-j,org.w3c.dom.html,HTMLMenuElement,Broken Hierarchy
xerces2-j,org.w3c.dom.html,HTMLMetaElement,Unutilized Abstraction
xerces2-j,org.w3c.dom.html,HTMLMetaElement,Broken Hierarchy
xerces2-j,org.w3c.dom.html,HTMLModElement,Unutilized Abstraction
xerces2-j,org.w3c.dom.html,HTMLModElement,Broken Hierarchy
xerces2-j,org.w3c.dom.html,HTMLObjectElement,Unutilized Abstraction
xerces2-j,org.w3c.dom.html,HTMLObjectElement,Broken Hierarchy
xerces2-j,org.w3c.dom.html,HTMLObjectElement,Insufficient Modularization
xerces2-j,org.w3c.dom.html,HTMLOListElement,Unutilized Abstraction
xerces2-j,org.w3c.dom.html,HTMLOListElement,Broken Hierarchy
xerces2-j,org.w3c.dom.html,HTMLOptGroupElement,Unutilized Abstraction
xerces2-j,org.w3c.dom.html,HTMLOptGroupElement,Broken Hierarchy
xerces2-j,org.w3c.dom.html,HTMLOptionElement,Unutilized Abstraction
xerces2-j,org.w3c.dom.html,HTMLOptionElement,Broken Hierarchy
xerces2-j,org.w3c.dom.html,HTMLParagraphElement,Unutilized Abstraction
xerces2-j,org.w3c.dom.html,HTMLParagraphElement,Broken Hierarchy
xerces2-j,org.w3c.dom.html,HTMLParamElement,Unutilized Abstraction
xerces2-j,org.w3c.dom.html,HTMLParamElement,Broken Hierarchy
xerces2-j,org.w3c.dom.html,HTMLPreElement,Unutilized Abstraction
xerces2-j,org.w3c.dom.html,HTMLPreElement,Broken Hierarchy
xerces2-j,org.w3c.dom.html,HTMLQuoteElement,Unutilized Abstraction
xerces2-j,org.w3c.dom.html,HTMLQuoteElement,Broken Hierarchy
xerces2-j,org.w3c.dom.html,HTMLScriptElement,Unutilized Abstraction
xerces2-j,org.w3c.dom.html,HTMLScriptElement,Broken Hierarchy
xerces2-j,org.w3c.dom.html,HTMLSelectElement,Unutilized Abstraction
xerces2-j,org.w3c.dom.html,HTMLSelectElement,Broken Hierarchy
xerces2-j,org.w3c.dom.html,HTMLSelectElement,Insufficient Modularization
xerces2-j,org.w3c.dom.html,HTMLStyleElement,Unutilized Abstraction
xerces2-j,org.w3c.dom.html,HTMLStyleElement,Broken Hierarchy
xerces2-j,org.w3c.dom.html,HTMLTableCaptionElement,Broken Hierarchy
xerces2-j,org.w3c.dom.html,HTMLTableCellElement,Unutilized Abstraction
xerces2-j,org.w3c.dom.html,HTMLTableCellElement,Broken Hierarchy
xerces2-j,org.w3c.dom.html,HTMLTableCellElement,Insufficient Modularization
xerces2-j,org.w3c.dom.html,HTMLTableColElement,Unutilized Abstraction
xerces2-j,org.w3c.dom.html,HTMLTableColElement,Broken Hierarchy
xerces2-j,org.w3c.dom.html,HTMLTableElement,Unutilized Abstraction
xerces2-j,org.w3c.dom.html,HTMLTableElement,Broken Hierarchy
xerces2-j,org.w3c.dom.html,HTMLTableElement,Insufficient Modularization
xerces2-j,org.w3c.dom.html,HTMLTableRowElement,Unutilized Abstraction
xerces2-j,org.w3c.dom.html,HTMLTableRowElement,Broken Hierarchy
xerces2-j,org.w3c.dom.html,HTMLTableSectionElement,Broken Hierarchy
xerces2-j,org.w3c.dom.html,HTMLTextAreaElement,Unutilized Abstraction
xerces2-j,org.w3c.dom.html,HTMLTextAreaElement,Broken Hierarchy
xerces2-j,org.w3c.dom.html,HTMLTextAreaElement,Insufficient Modularization
xerces2-j,org.w3c.dom.html,HTMLTitleElement,Unutilized Abstraction
xerces2-j,org.w3c.dom.html,HTMLTitleElement,Broken Hierarchy
xerces2-j,org.w3c.dom.html,HTMLUListElement,Unutilized Abstraction
xerces2-j,org.w3c.dom.html,HTMLUListElement,Broken Hierarchy
xerces2-j,org.w3c.dom.ranges,DocumentRange,Unutilized Abstraction
xerces2-j,org.w3c.dom.ranges,Range,Deficient Encapsulation
xerces2-j,org.w3c.dom.ranges,Range,Insufficient Modularization
xerces2-j,org.w3c.dom.ranges,RangeException,Deficient Encapsulation
xerces2-j,org.w3c.dom.traversal,DocumentTraversal,Unutilized Abstraction
xerces2-j,org.w3c.dom.traversal,NodeFilter,Deficient Encapsulation
xerces2-j,org.w3c.dom.traversal,TreeWalker,Unutilized Abstraction
xerces2-j,org.xml.sax,SAXException,Unutilized Abstraction
xerces2-j,org.xml.sax,SAXNotRecognizedException,Unutilized Abstraction
xerces2-j,org.xml.sax,SAXNotRecognizedException,Broken Hierarchy
xerces2-j,org.xml.sax,SAXNotSupportedException,Unutilized Abstraction
xerces2-j,org.xml.sax,SAXNotSupportedException,Broken Hierarchy
xerces2-j,org.xml.sax,SAXParseException,Unutilized Abstraction
xerces2-j,org.xml.sax,SAXParseException,Broken Hierarchy
xerces2-j,org.xml.sax,XMLFilter,Unutilized Abstraction
xerces2-j,org.xml.sax,XMLFilter,Broken Hierarchy
xerces2-j,org.xml.sax.helpers,AttributeListImpl,Unutilized Abstraction
xerces2-j,org.xml.sax.helpers,AttributesImpl,Insufficient Modularization
xerces2-j,org.xml.sax.helpers,NamespaceSupport,Deficient Encapsulation
xerces2-j,org.xml.sax.helpers,ParserAdapter,Unutilized Abstraction
xerces2-j,org.xml.sax.helpers,ParserAdapter,Insufficient Modularization
xerces2-j,org.xml.sax.helpers,XMLFilterImpl,Unutilized Abstraction
xerces2-j,org.xml.sax.helpers,XMLFilterImpl,Insufficient Modularization
xerces2-j,org.xml.sax.helpers,XMLReaderAdapter,Unutilized Abstraction
xerces2-j,org.xml.sax.helpers,XMLReaderAdapter,Insufficient Modularization
xerces2-j,dom.mem,Test,Unutilized Abstraction
xerces2-j,dom.util,Assertion,Unutilized Abstraction
xerces2-j,io,UTF8Producer,Imperative Abstraction
xerces2-j,io,UTF8Producer,Unutilized Abstraction
xerces2-j,thread,Test,Deficient Encapsulation
xerces2-j,thread,InFileInfo,Unnecessary Abstraction
xerces2-j,thread,InFileInfo,Unutilized Abstraction
xerces2-j,thread,InFileInfo,Deficient Encapsulation
xerces2-j,thread,RunInfo,Unutilized Abstraction
xerces2-j,thread,RunInfo,Broken Modularization
xerces2-j,thread,ThreadInfo,Unutilized Abstraction
xerces2-j,thread,ThreadParser,Unutilized Abstraction
xerces2-j,thread,thread,Unutilized Abstraction
